group;time;replicate;3.134;3.259;3.376;3.485;3.587;3.684;3.776;3.864;3.948;4.029;4.106;4.181;4.253;4.323;4.39;4.456;4.52;4.581;4.642;4.7;4.758;4.814;4.868;4.922;4.974;5.026;5.076;5.125;5.174;5.221;5.268;5.313;5.358;5.403;5.446;5.489;5.531;5.573;5.614;5.654;5.694;5.734;5.772;5.81;5.848;5.885;5.922;5.959;5.994;6.03;6.065;6.1;6.134;6.168;6.201;6.234;6.267;6.3;6.332;6.364;6.395;6.426;6.457;6.488;6.518;6.548;6.578;6.608;6.637;6.666;6.695;6.723;6.751;6.779;6.807;6.835;6.862;6.889;6.916;6.943;6.969;6.995;7.022;7.048;7.073;7.099;7.124;7.149;7.174;7.199;7.224;7.248;7.273;7.297;7.321;7.345;7.368;7.392;7.415;7.438;7.462;7.485;7.507;7.53;7.553;7.575;7.597;7.619;7.641;7.663;7.685;7.707;7.728;7.75;7.771;7.792;7.813;7.834;7.855;7.876;7.896;7.917;7.937;7.958;7.978;7.998;8.018;8.038;8.058;8.077;8.097;8.116;8.136;8.155;8.174;8.193;8.213;8.231;8.25;8.269;8.288;8.306;8.325;8.343;8.362;8.38;8.398;8.417;8.435;8.453;8.47;8.488;8.506;8.524;8.541;8.559;8.576;8.594;8.611;8.628;8.646;8.663;8.68;8.697;8.714;8.73;8.747;8.764;8.781;8.797;8.814;8.83;8.847;8.863;8.879;8.896;8.912;8.928;8.944;8.96;8.976;8.992;9.045;9.219;9.386;9.548;9.705;9.856;10;10.15;10.29;10.42;10.55;10.68;10.81;10.93;11.05;11.17;11.28;11.4;11.51;11.61;11.72;11.83;11.93;12.03;12.13;12.23;12.32;12.42;12.51;12.6;12.69;12.78;12.87;12.96;13.04;13.13;13.21;13.3;13.38;13.46;13.54;13.62;13.69;13.77;13.85;13.92;14;14.07;14.14;14.22;14.29;14.36;14.43;14.5;14.57;14.63;14.7;14.77;14.83;14.9;14.96;15.03;15.09;15.16;15.22;15.28;15.34;15.41;15.47;15.53;15.59;15.65;15.71;15.76;15.82;15.88;15.94;15.99;16.05;16.11;16.16;16.22;16.27;16.33;16.38;16.44;16.49;16.54;16.59;16.65;16.7;16.75;16.8;16.85;16.91;16.96;17.01;17.06;17.11;17.16;17.2;17.25;17.3;17.35;17.4;17.45;17.49;17.54;17.59;17.63;17.68;17.73;17.77;17.82;17.86;17.91;17.96;18;18.04;18.09;18.13;18.18;18.22;18.27;18.31;18.35;18.39;18.44;18.48;18.52;18.56;18.61;18.65;18.69;18.73;18.77;18.81;18.85;18.9;18.94;18.98;19.02;19.06;19.1;19.14;19.18;19.22;19.25;19.29;19.33;19.37;19.41;19.45;19.49;19.52;19.56;19.6;19.64;19.68;19.71;19.75;19.79;19.82;19.86;19.9;19.93;19.97;20.69;21.43;22.13;22.78;23.39;23.98;24.54;25.07;25.58;26.07;26.55;27.01;27.45;27.88;28.29;28.7;29.09;29.47;29.85;30.21;30.57;30.91;31.25;31.59;31.91;32.23;32.54;32.85;33.15;33.45;33.74;34.02;34.31;34.58;34.85;35.12;35.39;35.65;35.9;36.16;36.41;36.65;36.89;37.13;37.37;37.6;37.83;38.06;38.29;38.51;38.73;38.95;39.16;39.38;39.59;39.79;40;40.21;40.41;40.61;40.81;41;41.2;41.39;41.58;41.77;41.96;42.14;42.33;42.51;42.69;42.87;43.05;43.22;43.4;43.57;43.74;43.91;44.08;44.25;44.42;44.58;44.75;44.91;45.07;45.24;45.4;45.55;45.71;45.87;46.02;46.18;46.33;46.48;46.64;46.79;46.94;47.08;47.23;47.38;47.52;47.67;47.81;47.96;48.1;48.24;48.38;48.52;48.66;48.8;48.93;49.07;49.21;49.34;49.48;49.61;49.74;49.88;50.01;50.14;50.27;50.4;50.53;50.66;50.78;50.91;51.04;51.16;51.29;51.41;51.54;51.66;51.78;51.9;52.03;52.15;52.27;52.39;52.51;52.62;52.74;52.86;52.98;53.09;53.21;53.33;53.44;53.56;53.67;53.78;53.9;54.01;54.12;54.23;54.35;54.46;54.57;54.68;54.79;54.9;55;55.11;55.22;55.33;55.43;55.54;55.65;55.75;55.86;55.96;56.07;56.17;56.28;56.38;56.48;56.59;56.69;56.79;56.89;56.99;57.09;57.19;57.29;57.39;57.49;57.59;57.69;57.79;57.89;57.99;58.08;58.18;58.28;58.37;58.47;58.57;58.66;58.76;58.85;58.95;59.04;59.13;59.23;59.32;59.41;59.51;59.6;59.69;59.78;59.88;59.97;60.06;60.7;61.33;61.94;62.54;63.13;63.71;64.28;64.84;65.39;65.93;66.46;66.98;67.5;68.01;68.51;69;69.48;69.96;70.44;70.9;71.36;71.82;72.27;72.71;73.15;73.58;74.01;74.43;74.85;75.26;75.67;76.08;76.48;76.87;77.27;77.65;78.04;78.42;78.8;79.17;79.54;79.91;80.27;80.63;80.99;81.34;81.69;82.04;82.38;82.73;83.06;83.4;83.73;84.07;84.39;84.72;85.04;85.36;85.68;86;86.31;86.62;86.93;87.24;87.55;87.85;88.15;88.45;88.74;89.04;89.33;89.62;89.91;90.2;90.49;90.77;91.05;91.33;91.61;91.89;92.16;92.44;92.71;92.98;93.25;93.51;93.78;94.04;94.31;94.57;94.83;95.08;95.34;95.6;95.85;96.1;96.36;96.61;96.86;97.1;97.35;97.59;97.84;98.08;98.32;98.56;98.8;99.04;99.28;99.51;99.75;99.98;100.2;100.4;100.7;100.9;101.1;101.4;101.6;101.8;102;102.3;102.5;102.7;102.9;103.1;103.4;103.6;103.8;104;104.2;104.4;104.7;104.9;105.1;105.3;105.5;105.7;105.9;106.1;106.3;106.5;106.7;106.9;107.1;107.3;107.6;107.8;108;108.2;108.4;108.5;108.7;108.9;109.1;109.3;109.5;109.7;109.9;110.1;110.3;110.5;110.7;110.9;111.1;111.2;111.4;111.6;111.8;112;112.2;112.4;112.6;112.7;112.9;113.1;113.3;113.5;113.6;113.8;114;114.2;114.4;114.5;114.7;114.9;115.1;115.2;115.4;115.6;115.8;115.9;116.1;116.3;116.5;116.6;116.8;117;117.1;117.3;117.5;117.7;117.8;118;118.2;118.3;118.5;118.7;118.8;119;119.1;119.3;119.5;119.6;119.8;120
Treament;0;1;1398;1022;770;780;692;552;446;376;464;366;264;386;250;214;172;190;218;176;182;154;176;158;126;134;144;74;148;148;120;84;120;102;78;92;66;60;60;78;74;52;70;66;56;52;56;46;38;38;38;56;56;42;46;38;42;28;66;14;46;4;24;66;28;24;14;18;28;10;10;28;24;28;18;4;14;38;18;14;10;10;14;10;10;10;14;18;14;10;4;10;10;4;18;10;14;24;10;10;18;10;0;4;10;14;14;0;10;14;10;10;10;0;10;14;14;4;14;14;4;0;0;10;24;10;0;4;0;0;10;0;4;0;0;10;4;4;4;10;10;0;10;10;10;10;0;4;10;0;0;0;0;4;4;0;0;0;0;0;4;0;0;4;4;0;0;10;14;0;4;0;0;10;4;0;4;4;0;10;0;0;4;4;24;20;16;34;14;14;14;24;10;6;14;4;10;4;6;0;16;14;16;6;6;16;0;6;6;0;4;4;0;4;10;4;4;4;10;0;4;10;0;0;0;6;0;4;6;6;0;4;0;6;0;0;10;0;4;4;6;0;6;0;0;0;4;0;0;0;4;4;4;0;0;4;4;0;0;4;0;0;4;0;0;4;4;0;0;4;0;0;0;0;6;0;0;0;0;0;0;4;0;0;0;0;0;0;6;0;0;0;0;0;0;0;0;0;0;0;0;0;0;4;4;0;4;0;0;0;0;0;0;0;0;0;0;4;0;0;0;0;0;0;4;0;0;0;0;0;0;0;4;0;0;0;0;0;0;0;0;0;0;0;0;0;0;0;0;0;0;4;6;6;2;0;2;6;10;0;2;2;0;2;2;0;0;0;0;0;0;0;0;2;0;0;0;0;0;0;0;2;0;2;0;0;0;0;0;0;0;0;0;0;0;0;0;0;0;0;0;0;0;0;0;0;0;0;0;0;0;0;0;0;0;0;0;0;0;0;0;0;0;0;0;0;0;0;0;0;0;0;0;0;0;0;0;0;0;0;0;0;0;0;0;0;0;0;0;0;0;0;0;0;0;0;0;0;0;0;0;0;0;0;0;0;0;0;0;0;0;0;0;0;0;0;0;0;0;0;0;0;0;0;0;0;0;0;0;0;0;0;0;0;0;0;0;0;0;0;0;0;0;0;0;0;0;0;0;0;0;0;0;0;0;0;0;0;0;0;0;0;0;0;0;0;0;0;0;0;0;0;0;0;0;0;0;0;0;0;0;0;0;0;0;0;0;0;0;0;0;0;0;0;0;0;0;0;0;0;0;0;0;0;0;0;0;0;0;0;0;0;1;0;0;0;0;0;0;0;0;0;0;0;0;0;0;0;0;1;0;0;0;0;0;0;0;0;0;0;0;0;0;0;0;0;0;0;0;0;0;0;0;0;0;0;0;0;0;0;0;0;0;0;0;0;0;0;0;0;0;0;0;0;0;0;0;0;0;0;0;0;0;0;0;0;0;0;0;0;0;0;0;0;0;0;0;0;0;0;0;0;0;0;0;0;0;0;0;0;0;0;0;0;0;0;0;0;0;0;0;0;0;0;0;0;0;0;0;0;0;0;0;0;0;0;0;0;0;0;0;0;0;0;0;0;0;0;0;0;0;0;0;0;0;0;0;0;0;0;0;0;0;0;0;0;0;0;0;0;0;0;0;0;0;0;0;0;0;0;0;0;0;0;0;0;0;0;0;0;0;0;0;0;0;0;0;0;0;0;0;0;0;0;0;0;0;0;0;0;0;0;0;0;0;0;0;0;0
Host control;0;1;1424;1504;1224;878;686;678;566;578;412;432;420;392;326;352;220;226;226;232;206;186;126;146;134;154;120;166;140;134;126;140;126;106;120;66;80;66;74;80;46;74;66;46;114;54;54;54;40;14;54;60;80;34;14;46;26;20;34;26;54;34;46;26;34;26;34;34;14;26;14;46;14;46;40;26;26;14;14;26;34;6;20;6;6;14;6;6;14;40;0;14;0;6;0;14;6;14;6;14;0;6;20;0;14;6;6;14;14;0;0;0;26;14;6;6;6;14;14;14;6;6;14;14;0;14;6;0;0;6;6;0;0;6;6;6;0;6;0;0;6;6;6;6;14;6;6;0;0;14;6;6;0;0;6;0;0;6;0;14;6;14;0;0;6;0;0;6;6;6;0;14;0;0;0;6;6;6;0;6;0;6;0;6;20;14;14;30;10;6;10;6;18;14;24;6;18;10;10;6;4;4;18;14;10;0;6;6;4;0;4;14;6;4;14;6;4;6;4;0;10;0;0;6;4;6;4;0;4;4;4;0;0;6;6;6;0;0;4;0;0;6;4;0;6;0;6;0;4;0;0;0;4;4;0;6;4;4;4;4;0;0;4;0;6;0;0;0;0;0;0;0;6;0;0;0;4;0;4;10;0;0;4;0;0;0;4;0;0;0;0;0;0;0;0;0;0;0;0;0;0;0;0;0;0;4;4;0;0;0;0;0;0;0;0;0;0;0;0;0;0;0;0;0;0;0;0;0;0;0;0;0;0;4;0;0;0;0;0;0;0;0;0;0;0;0;4;0;0;0;0;12;0;4;0;2;0;2;0;0;0;2;0;2;2;0;0;0;0;0;2;0;0;0;0;2;0;0;0;0;2;0;0;0;0;0;0;0;0;0;0;0;0;0;0;0;0;0;0;0;0;0;0;0;0;0;0;0;0;0;0;0;0;0;0;0;0;0;0;0;0;0;0;0;0;0;0;0;0;0;0;0;0;0;0;0;0;0;0;0;0;0;0;0;0;0;0;0;0;0;0;0;0;0;0;0;0;0;0;0;0;0;0;0;0;0;0;0;0;0;0;0;0;0;0;0;0;0;0;0;0;0;0;0;0;0;0;0;0;0;0;0;0;0;0;0;0;0;0;0;0;0;0;0;0;0;0;0;0;0;0;0;0;0;0;0;0;0;0;0;0;0;0;0;0;0;0;0;0;0;0;0;0;0;0;0;0;0;0;0;0;0;0;0;0;0;0;0;0;0;0;0;0;0;0;0;0;0;0;0;0;0;0;0;0;0;0;0;0;0;0;0;0;0;0;0;0;0;0;0;0;0;0;0;0;0;0;1;0;0;0;0;0;0;0;0;0;0;0;0;0;0;0;0;0;0;0;0;0;0;0;0;0;0;0;0;0;0;0;0;0;0;0;0;0;0;0;0;0;0;0;0;0;0;0;0;0;0;0;0;0;0;0;0;0;0;0;0;0;0;0;0;0;0;0;0;0;0;0;0;0;0;0;0;0;0;0;0;0;0;0;0;0;0;0;0;0;0;0;0;0;0;0;0;0;0;0;0;0;0;0;0;0;0;0;0;0;0;0;0;0;0;0;0;0;0;0;0;0;0;0;0;0;0;0;0;0;0;0;0;0;0;0;0;0;0;0;0;0;0;0;0;0;0;0;0;0;0;0;0;0;0;0;0;0;0;0;0;0;0;0;0;0;0;0;0;0;0;0;0;0;0;0;0;0;0;0;0;0;0;0;0;0;0;0;0;0;0;0
Artifact control;0;1;676;670;598;466;340;306;326;228;228;170;170;210;190;142;132;78;98;116;106;146;92;98;78;34;68;82;106;48;48;58;38;64;24;54;44;30;44;34;24;24;38;20;58;34;24;34;24;20;10;38;14;30;20;24;14;24;24;24;48;14;34;30;10;24;20;10;14;14;4;14;10;4;20;14;10;14;10;10;30;14;10;14;10;20;34;4;14;4;4;0;20;10;10;4;4;10;4;4;10;14;0;4;0;4;14;20;0;4;10;0;0;4;4;10;4;10;4;0;20;0;10;14;4;4;0;14;20;10;10;0;4;4;0;4;0;4;0;4;10;4;0;0;4;4;0;4;0;0;4;4;10;4;0;0;0;0;0;0;0;4;4;0;4;10;10;4;4;4;4;0;0;10;4;0;4;0;0;4;0;4;4;0;30;16;10;14;10;6;10;14;16;10;10;6;6;10;4;6;6;0;4;10;6;14;16;6;14;16;4;14;4;6;6;10;0;0;6;4;4;4;4;0;0;6;4;6;6;0;6;4;0;6;4;0;4;6;4;6;0;4;0;0;6;0;0;4;0;0;6;6;4;0;0;0;14;0;0;0;4;0;0;4;0;4;4;4;6;0;4;4;0;0;4;0;0;0;4;0;4;0;0;0;0;0;4;0;0;0;0;0;0;4;4;4;0;6;0;0;0;0;0;0;0;0;0;0;4;0;0;0;4;0;4;4;0;0;10;0;0;0;4;0;0;0;0;4;0;0;0;4;0;0;0;0;0;4;0;0;4;4;0;0;0;0;4;0;0;0;0;2;2;6;6;0;2;4;2;4;4;2;0;0;0;2;0;0;0;0;0;0;2;0;0;0;0;0;0;2;0;0;0;0;0;0;0;0;0;0;0;0;0;0;0;0;0;0;0;0;0;0;0;0;2;0;0;0;0;0;0;0;0;0;0;0;0;0;0;0;0;2;0;0;0;0;0;0;0;0;0;0;0;0;0;0;0;0;0;0;0;0;0;0;0;0;0;0;0;0;0;0;0;0;0;0;0;0;0;0;0;0;0;0;0;0;0;0;0;0;0;0;0;0;0;0;0;0;0;0;0;0;0;0;0;0;0;0;0;0;0;0;0;0;0;0;0;0;0;0;0;0;0;0;0;0;0;0;0;0;0;0;0;0;0;0;0;0;0;0;0;0;0;0;0;0;0;0;0;0;0;0;0;0;0;0;0;0;0;0;0;0;0;0;0;0;0;0;0;0;0;0;0;0;0;0;0;0;0;0;0;0;0;0;0;0;0;0;0;0;0;0;0;0;0;0;0;0;0;0;0;0;0;0;0;0;0;0;1;0;0;0;0;0;0;0;0;0;0;0;0;0;0;0;0;0;0;0;0;0;0;0;0;0;0;0;0;0;0;0;0;0;0;0;0;0;0;0;0;0;0;0;0;0;0;0;0;0;0;0;0;0;0;0;0;0;0;0;0;0;0;0;0;0;0;0;0;0;0;0;0;0;0;0;0;0;0;0;0;0;0;0;0;0;0;0;0;0;0;0;0;0;0;0;0;0;0;0;0;0;0;0;0;0;0;0;0;0;0;0;0;0;0;0;0;0;0;0;0;0;0;0;0;0;0;0;0;0;0;0;0;0;0;0;0;0;0;0;0;0;0;0;0;0;0;0;0;0;0;0;0;0;0;0;0;0;0;0;0;0;0;0;0;0;0;0;0;0;0;0;0;0;0;0;0;0;0;0;0;0;0;0;0;0;0;0;0;0;0
Treament;0;2;1398;1022;770;780;692;552;446;376;464;366;264;386;250;214;172;190;218;176;182;154;176;158;126;134;144;74;148;148;120;84;120;102;78;92;66;60;60;78;74;52;70;66;56;52;56;46;38;38;38;56;56;42;46;38;42;28;66;14;46;4;24;66;28;24;14;18;28;10;10;28;24;28;18;4;14;38;18;14;10;10;14;10;10;10;14;18;14;10;4;10;10;4;18;10;14;24;10;10;18;10;0;4;10;14;14;0;10;14;10;10;10;0;10;14;14;4;14;14;4;0;0;10;24;10;0;4;0;0;10;0;4;0;0;10;4;4;4;10;10;0;10;10;10;10;0;4;10;0;0;0;0;4;4;0;0;0;0;0;4;0;0;4;4;0;0;10;14;0;4;0;0;10;4;0;4;4;0;10;0;0;4;4;100;78;60;82;68;64;42;72;86;28;50;36;58;46;32;40;18;32;22;28;36;54;36;18;24;36;18;32;18;14;4;32;24;14;14;18;28;4;4;14;14;18;22;4;4;4;24;18;22;18;22;8;4;8;10;4;4;10;14;14;10;0;14;4;10;14;10;4;8;4;8;4;4;8;4;10;4;0;8;4;0;4;0;0;10;4;8;0;4;4;10;4;8;10;10;0;8;8;10;8;0;4;4;4;0;0;8;0;4;4;8;4;0;4;10;0;0;0;4;4;0;0;8;0;4;8;0;8;4;8;0;0;0;4;4;0;0;4;0;4;8;0;8;0;4;0;0;0;4;0;8;0;0;0;4;0;0;0;0;0;4;4;4;0;4;0;4;28;14;14;14;24;14;8;14;8;0;8;0;4;0;0;8;4;4;0;4;4;0;0;0;0;0;4;0;0;4;0;0;0;0;0;0;0;0;0;0;0;0;0;0;0;0;0;0;0;0;4;0;0;0;0;0;0;0;0;0;0;0;0;0;0;0;0;0;0;0;0;0;0;0;0;0;0;0;0;0;0;0;0;0;0;0;0;0;0;0;0;0;0;0;0;0;0;0;0;0;0;0;0;0;0;0;0;0;0;0;0;0;0;0;0;0;0;0;0;0;0;0;0;0;0;0;0;0;0;0;0;0;0;0;0;0;0;0;0;0;0;0;0;0;0;0;0;0;0;0;0;0;0;0;0;0;0;0;0;0;0;0;0;0;0;0;0;0;0;0;0;0;0;0;0;0;0;0;0;0;0;0;0;0;0;0;0;0;0;0;0;0;0;0;0;0;0;0;0;0;0;0;0;0;0;0;0;0;0;0;0;0;0;0;0;0;0;0;0;0;0;0;0;0;0;0;0;0;0;0;0;0;0;0;0;0;0;0;0;0;0;0;0;0;0;0;0;0;0;0;0;0;0;0;0;0;0;0;0;0;0;0;0;0;0;0;0;0;0;0;0;0;0;0;0;0;0;0;0;0;0;0;0;0;0;0;0;0;0;0;0;0;0;0;0;0;0;0;0;0;0;0;0;0;0;0;0;0;0;0;0;0;0;0;0;0;0;0;0;0;0;0;0;0;0;0;0;0;0;0;0;0;0;0;0;0;0;0;0;0;0;0;0;0;0;0;0;0;0;0;0;0;0;0;0;0;0;0;0;0;0;0;0;0;0;0;0;0;0;0;0;0;0;0;0;0;0;0;0;0;0;0;0;0;0;0;0;0;0;0;0;0;0;0;0;0;0;0;0;0;0;0;0;0;0;0;0;0;0;0;0;0;0;0;0;0;0;0;0;0;0;0;0;0;0;0;0;0
Host control;0;2;678;1106;1324;938;864;666;578;416;428;342;324;254;342;330;248;198;206;230;130;156;124;192;156;112;106;118;94;118;118;156;124;94;80;94;94;124;62;74;80;56;24;68;62;44;38;74;56;68;56;24;62;50;32;62;68;38;44;38;68;56;38;24;32;56;50;50;24;24;32;38;38;50;12;24;32;12;38;18;18;18;38;18;6;12;12;24;24;62;32;18;18;6;6;18;18;12;12;18;32;0;12;24;24;12;18;0;6;12;24;12;24;6;6;24;0;6;6;12;18;6;12;12;0;0;6;6;0;12;12;12;12;24;6;18;0;18;6;18;18;6;12;12;6;18;12;6;0;24;12;24;6;0;6;0;0;0;0;6;12;12;6;12;0;0;12;18;12;18;6;0;6;0;24;6;6;0;0;0;6;0;0;6;24;34;14;14;14;14;14;14;10;30;26;6;14;4;6;16;4;10;14;6;6;10;10;14;0;6;4;6;14;10;4;20;4;6;4;16;4;4;6;10;6;4;10;4;4;6;0;6;4;10;10;0;4;10;16;0;6;6;0;6;4;0;6;4;0;6;6;0;0;0;6;0;0;0;0;4;6;0;0;0;0;0;6;0;4;10;4;0;0;4;0;0;0;4;4;0;0;0;4;0;0;0;0;0;0;0;0;0;0;4;0;0;4;0;0;6;0;4;0;0;4;0;6;0;0;0;0;0;0;0;6;0;0;0;0;4;0;0;0;0;4;4;4;0;4;0;0;0;4;0;0;4;0;4;0;4;0;0;0;0;4;0;0;4;0;0;0;6;4;4;6;4;0;2;2;2;2;4;0;0;2;0;0;0;0;4;2;0;0;0;2;0;0;0;0;0;0;0;0;0;0;0;0;0;0;0;0;0;0;0;0;0;0;0;0;0;0;0;0;0;0;0;0;0;0;0;0;0;0;0;2;0;0;0;0;0;0;0;0;2;2;0;0;0;0;0;0;0;0;0;0;0;0;0;0;0;0;0;0;0;0;0;0;0;0;0;0;0;0;0;0;0;0;0;0;0;0;0;0;0;0;0;0;0;0;0;0;0;0;0;0;0;0;0;0;0;0;0;0;0;0;0;0;0;0;0;0;0;0;0;0;0;0;0;0;0;0;0;0;0;0;0;0;0;0;0;0;0;0;0;0;0;0;0;0;0;0;0;0;0;0;0;0;0;0;0;0;0;0;0;0;0;0;0;0;0;0;0;0;0;0;0;0;0;0;0;0;0;0;0;0;0;0;0;0;0;0;0;0;0;0;0;0;0;0;0;0;0;0;0;0;0;0;0;0;0;0;0;0;0;0;0;0;0;0;0;0;0;0;0;0;0;0;0;0;0;0;0;0;0;0;0;0;0;0;0;0;0;0;0;0;0;0;0;0;0;0;0;0;0;0;0;0;0;0;0;0;0;0;0;0;0;0;0;0;0;0;0;0;0;0;0;0;0;0;0;0;0;0;0;0;0;0;0;0;0;0;0;0;0;0;0;0;0;0;0;0;0;0;0;0;0;0;0;0;0;0;0;0;0;0;0;0;0;0;0;0;0;0;0;0;0;0;0;0;0;0;0;0;0;0;0;0;0;0;0;0;0;0;0;0;0;0;0;0;0;0;0;0;0;0;0;0;0;0;0;0;0;0;0;0;0;0;0;0;0;0;0;0;0;0;0;0;0;0;0;0;0;0;0;0;0;0;0;0;0;0;0;0;0;0;0;0;0;0;0;0;0;0;0;0;0;0;0;0
Artifact control;0;2;964;910;1332;1184;940;658;768;470;510;392;454;290;376;306;242;250;274;314;212;164;164;196;134;242;148;156;148;148;164;94;102;172;70;86;142;134;134;110;78;134;70;62;110;48;70;78;54;54;40;48;54;62;48;70;54;62;40;32;16;24;62;24;78;24;54;48;40;0;32;40;24;32;16;16;24;8;24;16;40;24;54;32;8;32;8;16;16;8;48;40;32;24;16;8;24;40;40;0;24;16;8;0;24;16;16;16;16;0;48;8;8;8;16;8;8;24;0;8;8;0;8;0;8;16;8;8;8;24;0;24;8;0;16;8;0;32;0;8;16;24;0;8;8;0;8;16;24;0;8;0;8;8;8;0;8;8;8;8;8;24;8;40;0;0;16;0;0;8;8;8;0;0;8;8;0;8;8;0;8;0;8;0;11;8;9;8;6;6;6;8;6;5;6;8;5;3;6;2;2;5;6;5;5;6;8;6;3;2;3;0;6;0;6;3;2;5;5;5;3;5;2;0;5;0;3;3;3;0;2;2;2;0;5;0;2;2;3;3;0;5;2;2;0;5;2;3;2;0;3;3;2;2;2;0;2;0;3;2;2;0;2;0;0;2;2;0;2;0;0;3;0;2;0;0;0;0;0;0;2;0;2;0;0;0;0;2;3;5;2;2;0;2;2;0;0;0;0;0;0;0;0;2;0;0;0;0;0;0;0;2;0;0;0;2;0;0;0;0;0;0;2;0;2;3;0;0;0;0;0;0;0;2;0;0;0;0;0;0;0;0;0;0;0;0;0;0;0;0;0;8;6;14;2;0;0;4;2;6;0;2;0;0;2;0;0;0;0;2;2;0;0;2;2;2;2;0;2;0;0;0;0;0;0;0;0;0;0;0;2;0;0;0;0;0;0;0;0;0;0;0;0;0;0;0;0;0;0;0;0;0;0;0;0;0;0;0;0;0;0;0;2;0;0;0;0;0;0;0;0;0;0;0;0;0;0;0;0;0;0;0;0;0;0;0;0;0;0;0;0;0;0;0;0;0;0;0;0;0;0;0;0;0;0;0;0;0;0;0;0;0;0;0;0;0;0;0;0;0;2;0;0;0;0;0;0;0;0;0;0;0;0;0;0;0;0;0;0;0;0;0;0;0;0;0;0;0;0;0;0;0;0;0;0;0;0;0;0;0;0;0;0;0;0;0;0;0;0;0;0;0;0;2;0;0;0;0;0;0;0;0;0;0;0;0;0;0;0;0;0;0;0;0;0;0;0;0;0;0;0;0;0;0;0;0;0;0;0;0;0;0;0;0;0;0;0;0;0;0;0;0;0;0;0;0;0;0;0;0;0;0;0;0;0;0;0;0;0;0;0;0;0;0;0;0;0;0;0;0;0;0;0;0;0;0;0;0;0;0;0;0;0;0;0;0;0;0;0;0;0;0;0;0;0;0;0;0;0;0;0;0;0;0;0;0;0;0;0;0;0;0;0;0;0;0;0;0;0;0;0;0;0;0;0;0;0;0;0;0;0;0;0;0;0;0;0;0;0;0;0;0;0;0;0;0;0;0;0;0;0;0;0;0;0;0;0;0;0;0;0;0;0;0;0;0;0;0;0;0;0;0;0;0;0;0;0;0;0;0;0;0;0;0;0;0;0;0;0;0;0;0;0;0;0;0;0;0;0;0;0;0;0;0;0;0;0;0;0;0;0;0;0;0;0;0;0;0;0;0;0;0;0;0;0;0;0;0;0;0;0;0;0;0;0;0;0;0;0
Treament;0;3;1218;1026;802;678;480;486;480;308;346;312;292;272;258;268;168;174;184;108;144;158;154;114;104;128;108;118;100;134;94;64;64;60;60;84;94;84;54;60;50;50;34;44;54;20;44;44;30;20;44;50;24;34;40;30;30;14;44;30;30;30;20;34;34;24;24;30;34;4;4;24;10;24;30;10;30;20;14;34;20;30;20;30;14;14;30;24;54;10;30;20;20;24;14;0;20;20;20;4;24;14;24;10;0;10;20;10;10;14;20;20;24;20;20;14;4;20;10;14;0;4;4;4;30;0;4;4;14;0;10;0;0;4;14;4;4;0;4;0;4;20;24;10;10;4;4;0;4;0;0;0;0;10;4;0;20;4;10;0;10;20;4;20;10;10;10;4;4;10;10;4;0;14;0;0;20;0;0;0;0;4;10;4;32;42;46;50;14;46;40;26;36;36;18;32;26;18;22;32;18;8;10;28;18;10;8;4;14;10;14;22;8;14;18;8;8;8;22;0;8;14;14;10;14;4;10;8;0;4;0;0;4;4;8;8;4;8;0;4;14;4;4;8;10;4;10;0;8;0;8;4;4;4;4;0;8;4;4;4;4;4;0;4;8;8;0;8;4;0;4;4;0;4;4;0;4;8;4;0;0;0;4;4;10;0;0;0;0;8;0;0;0;4;8;0;0;0;0;0;0;0;4;4;0;4;4;0;4;0;0;0;0;0;0;0;0;0;0;4;0;0;0;4;0;4;0;0;0;0;0;4;0;0;0;0;0;0;0;0;0;0;0;0;0;4;0;0;0;0;4;10;6;8;4;6;4;2;4;4;2;4;0;0;0;0;4;0;2;0;0;0;0;0;0;0;0;0;0;2;0;0;0;0;0;0;2;0;0;0;0;0;0;0;2;0;0;0;2;0;0;0;0;0;0;0;0;0;0;0;0;0;0;0;0;0;0;0;0;0;0;0;0;0;0;0;0;0;0;0;0;0;0;0;0;0;0;0;0;0;0;0;0;0;0;0;0;0;0;0;0;0;0;0;0;0;0;0;0;0;0;0;0;0;0;0;0;0;0;0;0;0;0;0;0;0;0;0;0;0;0;0;0;0;0;0;0;0;0;0;0;0;0;0;0;0;0;0;0;0;0;0;0;0;0;0;0;0;0;0;0;0;0;0;0;0;0;0;0;0;0;2;0;0;0;0;0;0;0;0;0;0;0;0;0;0;0;0;0;0;0;0;0;0;0;0;0;0;0;0;0;0;0;0;0;0;0;0;0;0;0;0;0;0;0;0;0;0;0;0;0;0;0;0;0;0;0;0;0;0;0;0;0;0;0;0;0;0;0;0;0;0;0;0;0;0;0;0;0;0;0;0;0;0;0;0;0;0;0;0;0;0;0;0;0;0;0;0;0;0;0;0;0;0;0;0;0;0;0;0;0;0;0;0;0;0;0;0;0;0;0;0;0;0;0;0;0;0;0;0;0;0;0;0;0;0;0;0;0;0;0;0;0;0;0;0;0;0;0;0;0;0;0;0;0;0;0;0;0;0;0;0;0;0;0;0;0;0;0;0;0;0;0;0;0;0;0;0;0;0;0;0;0;0;0;0;0;0;0;0;0;0;0;0;0;0;0;0;0;0;0;0;0;0;0;0;0;0;0;0;0;0;0;0;0;0;0;0;0;0;0;0;0;0;0;0;0;0;0;0;0;0;0;0;0;0;0;0;0;0;0;0;0;0;0;0;0;0;0;0;0;0;0;0;0;0;0;0;0
Host control;0;3;1610;1268;1050;856;740;618;580;444;380;406;348;450;284;334;302;244;200;244;232;200;154;168;174;160;110;142;128;136;136;116;104;104;78;78;142;64;104;154;84;64;96;64;70;78;58;46;64;64;90;58;96;58;78;58;38;64;78;52;38;32;26;32;64;32;26;38;26;52;6;26;46;26;38;38;26;12;6;26;52;32;12;20;26;20;20;20;20;12;32;20;20;12;32;32;38;20;26;32;38;20;12;20;20;6;20;0;12;26;6;32;12;0;0;32;20;12;20;0;6;20;20;12;32;0;6;0;12;32;38;6;6;12;26;20;6;32;0;6;0;0;20;32;12;6;12;0;12;26;0;6;20;20;12;0;6;12;20;32;6;6;12;12;0;6;12;0;0;6;0;12;6;12;0;6;0;0;6;0;6;12;0;20;22;24;12;12;34;12;18;16;22;22;12;12;12;12;4;22;22;4;16;16;4;4;4;6;6;6;4;6;6;4;6;10;4;0;4;4;4;0;6;4;6;4;4;0;4;4;0;0;0;4;4;0;0;4;0;0;0;4;0;6;0;0;0;4;0;4;0;4;0;0;0;4;0;4;0;0;0;0;0;4;10;0;6;6;0;4;0;0;0;0;4;0;0;0;0;0;0;0;4;0;4;4;0;0;0;0;0;0;0;4;0;0;0;0;0;0;0;0;0;0;0;0;0;0;4;4;4;4;0;0;0;0;0;0;0;0;0;0;0;0;0;0;0;0;0;0;0;0;0;0;0;0;0;0;0;0;0;0;0;0;0;0;0;0;0;0;4;12;10;16;8;4;4;2;2;8;0;2;0;0;2;2;0;4;0;2;0;0;0;0;0;0;0;0;0;0;0;0;0;0;0;0;0;0;0;0;0;0;0;0;2;0;0;0;0;2;0;0;0;0;0;0;0;0;0;0;0;0;0;0;0;0;0;0;0;0;0;0;0;0;0;0;0;0;0;0;0;0;0;0;0;0;0;0;0;0;0;0;0;0;0;0;0;0;0;0;0;0;0;0;0;0;0;0;0;0;0;0;0;0;0;0;0;0;0;0;0;0;0;0;0;0;0;0;0;0;0;0;0;0;0;0;0;0;0;0;0;0;0;0;0;0;0;0;0;0;0;0;0;0;0;0;0;0;0;0;0;0;0;0;0;0;0;0;0;0;0;0;0;0;0;0;0;0;0;0;0;0;0;0;0;0;0;0;0;0;0;0;0;0;0;0;0;0;0;0;0;0;0;0;0;0;0;0;0;0;0;0;0;0;0;0;0;0;0;0;0;0;0;0;0;0;0;0;0;0;0;0;0;0;0;0;0;0;0;0;0;0;0;0;0;0;0;0;0;0;0;0;0;0;0;0;0;0;0;0;0;0;0;0;0;0;0;0;0;0;0;0;0;0;0;0;0;0;0;0;0;0;0;0;0;0;0;0;0;0;0;0;0;0;0;0;0;0;0;0;0;0;0;0;0;0;0;0;0;0;0;0;0;0;0;0;0;0;0;0;0;0;0;0;0;0;0;0;0;0;0;0;0;0;0;0;0;0;0;0;0;0;0;0;0;0;0;0;0;0;0;0;0;0;0;0;0;0;0;0;0;0;0;0;0;0;0;0;0;0;0;0;0;0;0;0;0;0;0;0;0;0;0;0;0;0;0;0;0;0;0;0;0;0;0;0;0;0;0;0;0;0;0;0;0;0;0;0;0;0;0;0;0;0;0;0;0;0;0;0;0;0;0;0;0;0;0;0;0
Artifact control;0;3;840;854;774;524;426;388;394;314;204;224;250;230;132;170;184;118;86;118;78;98;66;72;52;46;86;52;46;72;46;78;32;86;52;72;60;26;26;14;32;40;14;26;14;52;26;32;0;26;14;26;32;40;52;40;0;40;32;26;14;20;14;14;14;6;26;26;26;26;26;20;6;6;32;14;14;32;0;14;32;20;40;26;6;6;0;14;6;14;20;6;14;20;0;20;6;6;26;0;0;6;6;0;0;6;6;6;0;6;0;14;6;6;0;6;6;6;6;0;0;14;6;0;6;14;0;20;0;0;6;14;0;0;6;6;0;0;6;14;20;0;6;20;14;0;6;14;0;0;14;6;0;6;6;20;14;6;0;0;0;0;0;0;0;0;6;14;6;6;6;0;6;14;0;20;0;14;0;14;6;0;6;0;104;136;64;54;54;54;54;72;22;54;46;28;36;46;36;32;36;28;32;28;22;28;18;18;40;22;22;22;32;4;18;18;22;28;22;10;18;10;0;18;14;10;14;14;4;18;28;10;4;4;18;14;0;4;0;14;18;10;4;14;0;18;4;0;4;4;4;4;4;10;4;10;10;4;0;4;10;10;10;4;0;4;4;10;10;22;10;10;0;0;0;10;4;4;4;4;4;0;4;0;0;0;0;0;0;4;0;4;0;0;4;0;4;0;0;4;0;0;0;0;0;0;4;4;10;0;0;4;0;0;0;0;0;0;0;0;0;0;4;0;10;4;4;0;0;4;0;0;0;4;0;0;0;4;0;4;0;4;0;0;0;0;0;0;0;0;0;18;16;14;8;4;10;2;6;2;4;0;0;4;0;4;0;2;0;6;2;2;4;2;0;0;0;0;0;0;0;0;0;0;2;0;0;0;0;0;0;0;0;0;0;0;0;0;0;0;0;0;0;0;0;0;0;0;0;0;0;0;0;0;0;0;0;0;0;0;0;0;0;0;0;0;0;0;0;0;0;0;0;0;0;0;0;0;0;0;0;0;0;0;0;0;0;0;0;0;0;0;0;0;0;0;0;0;0;0;0;0;0;0;0;0;0;0;0;0;0;0;0;0;0;0;0;0;0;0;0;0;0;0;0;0;0;0;0;0;0;0;0;0;0;0;0;0;0;0;0;0;0;0;0;0;0;0;0;0;0;0;0;0;0;0;0;0;0;0;0;0;0;0;0;0;0;0;0;0;0;0;0;0;0;0;0;0;0;0;0;0;0;0;0;0;0;0;2;0;0;0;0;0;0;0;0;0;0;0;0;0;0;0;0;0;0;0;0;0;0;0;0;0;0;0;0;0;0;0;0;0;0;0;0;0;0;0;0;0;0;0;0;0;0;0;0;0;0;0;0;0;0;0;0;0;0;0;0;0;0;0;0;0;0;0;0;0;0;0;0;0;0;0;0;0;0;0;0;0;0;0;0;0;0;0;0;0;0;0;0;0;0;0;0;0;0;0;0;0;0;0;0;0;0;0;0;0;0;0;0;0;0;0;0;0;0;0;0;0;0;0;0;0;0;0;0;0;0;0;0;0;0;0;0;0;0;0;0;0;0;0;0;0;0;0;0;0;0;0;0;0;0;0;0;0;0;0;0;0;0;0;0;0;0;0;0;0;0;0;0;0;0;0;0;0;0;0;0;0;0;0;0;0;0;0;0;0;0;0;0;0;0;0;0;0;0;0;0;0;0;0;0;0;0;0;0;0;0;0;0;0;0;0;0;0;0;0;0;0;0;0;0;0;0;0;0;0;0
Treament;1;1;88;630;1154;1048;924;736;604;542;400;292;248;338;292;292;230;240;168;204;204;196;116;88;124;124;98;106;72;134;44;88;124;80;54;62;62;106;124;98;36;62;62;44;44;18;8;62;36;62;18;44;44;8;26;18;44;26;44;54;8;18;26;8;26;18;26;18;26;18;8;0;18;18;18;18;36;18;0;0;8;0;62;8;8;26;0;0;18;0;0;26;26;0;8;8;8;26;0;0;26;0;18;0;0;0;26;8;0;8;0;8;26;8;0;8;8;8;8;0;8;0;8;26;18;8;0;8;18;8;0;0;8;8;0;0;0;0;0;8;0;8;0;8;8;8;26;8;8;8;8;8;0;0;0;0;0;8;0;0;0;8;0;8;8;8;0;0;0;0;0;0;0;8;8;0;0;0;0;0;0;0;0;0;46;38;38;42;38;24;36;20;16;20;4;16;8;12;12;4;12;20;8;24;8;20;8;8;0;4;8;8;16;8;12;16;12;8;4;4;8;0;8;4;0;0;0;12;0;12;4;4;4;4;4;8;8;8;0;0;8;4;0;4;4;8;8;0;16;0;0;0;0;0;8;8;0;0;0;0;0;4;4;0;0;0;0;0;4;0;0;4;0;0;0;0;0;0;0;4;0;4;0;4;4;0;8;0;0;0;0;4;0;0;0;8;0;0;4;0;0;0;0;4;4;4;0;4;4;0;0;0;0;0;0;0;0;0;4;0;0;0;0;0;0;0;0;4;0;0;4;0;4;0;0;0;0;0;0;0;0;0;4;0;0;0;0;0;0;4;0;18;6;8;4;4;6;4;6;4;2;2;2;0;0;2;2;0;2;0;0;0;0;2;0;2;0;2;0;0;0;0;0;0;0;0;0;0;0;0;0;0;0;0;0;0;0;0;0;0;0;0;0;0;0;0;0;0;0;0;0;0;0;0;0;0;0;0;0;0;0;0;0;0;0;0;0;0;0;0;0;0;0;0;0;0;0;0;0;0;0;0;0;0;0;0;0;0;0;0;0;0;0;0;0;0;0;0;0;0;0;0;0;0;0;0;0;0;0;0;0;0;0;0;0;0;0;0;0;0;0;0;0;0;0;0;0;0;0;0;0;0;0;0;0;0;0;0;0;0;0;0;0;0;0;0;0;0;0;0;0;0;0;0;0;0;0;0;0;0;0;0;0;0;0;0;0;0;0;0;0;0;0;0;0;0;0;0;0;0;0;0;0;0;0;0;0;0;0;0;0;0;0;0;0;0;0;0;0;0;0;0;0;0;0;0;0;0;0;0;0;0;0;0;0;0;0;0;0;0;0;0;0;0;0;0;0;0;0;0;0;0;0;0;0;0;0;0;0;0;0;0;0;0;0;0;0;0;0;0;0;0;0;0;0;0;0;0;0;0;0;0;0;0;0;0;0;0;0;0;0;0;0;0;0;0;0;0;0;0;0;0;0;0;0;0;0;0;0;0;0;0;0;0;0;0;0;0;0;0;0;0;0;0;0;0;0;0;0;0;0;0;0;0;0;0;0;0;0;0;0;0;0;0;0;0;0;0;0;0;0;0;0;0;0;0;0;0;0;0;0;0;0;0;0;0;0;0;0;0;0;0;0;0;0;0;0;0;0;0;0;0;0;0;0;0;0;0;0;0;0;0;0;0;0;0;0;0;0;0;0;0;0;0;0;0;0;0;0;0;0;0;0;0;0;0;0;0;0;0;0;0;0;0;0;0;0;0;0;0;0;0;0;0;0;0;0;0;0
Host control;1;1;1148;970;834;590;558;498;330;366;326;254;300;356;178;234;228;132;214;152;172;178;128;142;168;132;82;128;86;92;112;112;72;116;56;30;112;86;46;96;72;86;60;72;66;50;66;46;50;66;30;60;36;36;40;20;36;36;46;20;36;10;16;36;40;30;10;20;20;20;30;10;50;16;40;30;16;20;26;16;20;20;26;20;10;10;36;10;26;10;16;36;36;26;20;10;26;20;0;10;6;16;16;20;10;16;10;16;16;16;6;0;26;10;26;10;26;6;0;6;10;10;10;16;20;16;6;6;10;6;0;10;0;0;16;16;10;0;6;10;16;6;6;16;6;6;10;6;6;16;10;10;6;10;0;16;10;6;0;6;6;10;10;0;6;0;10;0;0;0;6;10;0;0;10;0;0;0;6;6;0;0;6;0;22;4;30;34;18;16;30;12;18;6;10;6;34;4;12;12;4;12;16;10;10;10;10;10;12;12;12;0;18;6;6;10;4;16;0;6;4;6;0;6;6;6;4;0;12;6;6;10;6;4;6;10;4;6;0;6;6;6;4;0;10;4;4;6;4;4;0;0;0;6;4;0;4;4;0;0;0;4;6;4;4;0;0;0;4;0;4;0;4;0;4;0;0;4;0;4;6;0;0;0;0;0;0;0;6;0;4;0;0;6;4;0;0;0;0;0;4;0;0;6;6;0;0;0;0;0;0;0;0;4;0;0;0;4;6;0;0;6;4;0;0;4;0;0;0;0;0;4;4;0;0;0;0;0;0;4;0;0;0;0;4;0;0;0;0;4;0;14;10;6;4;2;2;4;4;4;4;0;0;0;0;0;0;4;0;0;0;0;0;0;2;2;2;0;0;0;0;0;0;2;0;0;0;0;0;0;0;0;0;0;0;0;0;0;0;0;0;0;0;0;0;0;0;0;0;0;0;0;0;0;0;0;0;0;0;0;0;0;0;0;0;0;0;0;0;0;0;0;0;0;0;0;0;0;0;0;0;0;0;0;0;0;0;0;0;0;0;0;0;0;0;0;0;0;0;0;0;0;0;0;0;0;0;0;0;0;0;0;0;0;0;0;0;0;0;0;0;0;0;0;0;0;0;0;0;0;0;0;0;0;0;0;0;0;0;0;0;0;0;0;0;0;0;0;0;0;0;0;0;0;0;0;0;0;0;0;0;0;0;0;0;0;0;0;0;0;0;0;0;0;0;0;0;0;0;0;0;0;0;0;0;0;0;0;0;0;0;0;0;0;0;0;0;0;0;0;0;0;0;0;0;0;0;0;0;0;0;0;0;0;0;0;0;0;0;0;0;0;0;0;0;0;0;1;0;0;0;0;0;0;0;0;0;0;0;0;0;0;0;0;0;0;0;0;0;0;0;0;0;0;0;0;0;0;0;0;0;0;0;0;0;0;0;0;0;0;0;0;0;0;0;0;0;0;0;0;0;0;0;0;0;0;0;0;0;0;0;0;0;0;0;0;0;0;0;0;0;0;0;0;0;0;0;0;0;0;0;0;0;0;0;0;0;0;0;0;0;0;0;0;0;0;0;0;0;0;0;0;0;0;0;0;0;0;0;0;0;0;0;0;0;0;0;0;0;0;0;0;0;0;0;0;0;0;0;0;0;0;0;0;0;0;0;0;0;0;0;0;0;0;0;0;0;0;0;0;0;0;0;0;0;0;0;0;0;0;0;0;0;0;0;0;0;0;0;0;0;0;0;0;0;0;0;0;0;0;0;0;0;0;0;0;0;0;0
Artifact control;1;1;848;696;558;418;366;286;256;244;218;204;210;128;166;180;210;102;140;120;132;124;132;76;60;102;98;60;68;68;64;52;86;64;52;76;38;60;52;46;30;30;60;22;38;46;18;26;56;22;18;12;30;26;22;26;12;18;12;30;12;26;18;22;26;26;26;8;22;22;22;8;22;30;42;26;12;4;30;18;22;8;4;8;4;12;12;18;8;8;22;0;4;4;12;12;12;4;8;18;18;12;8;8;8;8;8;8;8;4;18;8;8;22;8;0;8;8;0;18;4;12;4;4;8;0;4;12;18;4;4;0;12;4;8;8;4;8;0;0;0;0;4;0;8;8;0;0;0;0;4;12;0;0;8;0;8;8;0;4;0;4;4;12;4;4;8;4;12;4;8;0;0;4;0;4;0;0;4;4;4;8;0;4;38;20;30;40;24;20;34;38;20;16;24;24;20;20;24;14;28;20;14;6;6;6;6;10;14;10;4;4;20;16;28;6;10;4;6;4;4;30;20;14;6;14;14;6;6;4;4;6;6;4;4;6;0;4;4;4;10;0;10;6;4;4;6;0;4;4;0;0;0;6;0;0;6;4;4;0;0;4;6;10;0;0;4;6;6;0;4;4;0;4;0;0;10;4;6;0;4;4;0;4;0;0;6;4;0;0;0;4;0;0;0;0;0;4;6;10;0;0;0;0;0;6;0;0;0;0;0;4;4;0;0;0;0;0;4;0;0;0;0;4;4;0;0;0;4;6;0;4;0;0;0;4;4;0;0;0;0;0;6;0;4;0;0;4;0;0;0;10;14;4;4;2;0;2;2;2;2;2;0;0;2;0;0;0;0;0;0;0;0;2;0;0;2;0;0;0;0;0;0;0;0;0;0;0;0;0;0;0;0;0;0;0;0;0;0;0;0;0;0;0;0;0;0;0;0;0;0;0;0;0;0;0;0;0;0;0;0;0;0;0;0;0;0;0;0;0;0;0;0;0;0;0;0;0;0;0;0;0;0;0;0;0;0;0;2;0;0;0;0;0;0;0;0;0;0;0;0;0;0;0;0;0;0;0;0;0;0;0;0;0;0;0;0;0;0;0;0;0;0;0;0;0;0;0;0;0;0;0;0;0;0;0;0;0;0;0;0;0;0;0;0;0;0;0;0;0;0;0;0;0;0;0;0;0;0;0;0;0;0;0;0;0;0;0;0;0;0;0;0;0;0;0;0;0;0;0;0;0;0;0;0;0;0;0;0;0;0;0;0;0;0;0;0;0;0;0;0;0;0;0;0;0;0;0;0;0;0;0;0;0;0;0;0;0;0;0;0;0;0;0;0;0;0;0;0;0;0;0;0;0;0;0;0;0;0;0;0;0;0;0;0;0;0;0;0;0;0;0;0;0;0;0;0;0;0;0;0;0;0;0;0;0;0;0;0;0;0;0;0;0;0;0;0;0;0;0;0;0;0;0;0;0;0;0;0;0;0;0;0;0;0;0;0;0;0;0;0;0;0;0;0;0;0;0;0;0;0;0;0;0;0;0;0;0;0;0;0;0;0;0;0;0;0;0;0;0;0;0;0;0;0;0;0;0;0;0;0;0;0;0;0;0;0;0;0;0;0;0;0;0;0;0;0;0;0;0;0;0;0;0;0;0;0;0;0;0;0;0;0;0;0;0;0;0;0;0;0;0;0;0;0;0;0;0;0;0;0;0;0;0;0;0;0;0;0;0;0;0;0;0;0;0;0;0;0;0;0;0;0;0;0;0;0;0;0
Treament;1;2;1212;1390;1000;746;542;516;330;424;272;220;238;212;204;136;194;152;170;204;194;170;94;50;84;136;118;60;76;50;60;94;76;76;136;42;60;110;50;76;76;34;16;60;50;50;60;16;8;68;34;42;16;8;26;8;8;42;0;34;8;42;34;34;34;8;34;26;26;8;0;8;26;8;8;26;34;8;16;8;16;8;26;34;26;8;34;8;0;26;8;8;0;16;0;16;0;8;8;16;0;16;16;8;0;0;0;16;0;8;0;26;16;8;8;26;8;0;0;16;16;8;0;8;0;0;8;16;26;0;0;0;0;0;0;0;8;26;0;0;0;8;16;8;8;0;8;8;0;8;0;8;0;8;0;0;0;0;0;0;8;8;8;16;8;8;0;0;16;0;8;0;0;0;0;8;0;16;0;8;8;8;8;0;32;12;24;4;4;12;0;8;0;8;8;0;20;12;12;8;8;0;0;20;8;12;8;12;4;8;20;0;12;4;12;8;8;8;8;8;4;8;4;8;4;0;12;8;0;8;8;8;0;0;0;0;4;0;0;0;4;0;4;0;0;8;4;0;0;0;4;0;0;4;8;0;4;4;0;0;0;0;0;8;4;0;0;4;4;0;0;0;4;0;8;4;4;0;4;0;0;0;0;0;0;4;0;4;8;0;0;0;0;0;0;4;0;4;0;0;0;0;0;0;0;0;0;4;4;0;0;0;0;0;0;0;0;0;0;0;0;4;0;0;0;0;0;0;0;0;4;0;0;0;4;0;4;0;0;0;4;0;4;0;0;0;4;0;0;0;0;10;4;4;2;2;2;0;2;0;0;2;2;0;0;0;0;0;0;0;2;0;0;0;0;0;0;2;0;0;0;0;0;0;0;0;0;0;0;0;0;0;0;0;0;0;0;0;0;0;0;0;0;0;0;0;0;0;0;0;0;0;0;0;0;0;0;0;0;0;0;0;0;0;0;0;0;0;0;0;0;0;0;0;0;0;0;0;0;0;0;0;0;0;0;0;0;0;0;0;0;0;0;0;0;0;0;0;0;0;0;0;0;0;0;0;0;0;0;0;0;0;0;0;0;0;0;0;0;0;0;0;0;0;0;0;0;0;0;0;0;0;0;0;0;0;0;0;0;0;0;0;0;0;0;0;0;0;0;0;0;0;0;0;0;0;0;0;0;0;0;0;0;0;0;0;0;0;0;0;0;0;0;0;0;0;0;0;0;0;0;0;0;0;0;0;0;0;0;0;0;0;0;0;0;0;0;0;0;0;0;0;0;0;0;0;0;0;0;0;0;0;0;0;0;0;0;0;0;0;0;0;0;0;0;0;0;0;0;0;0;0;0;0;0;0;0;0;0;0;0;0;0;0;0;0;0;0;0;0;0;0;0;0;0;0;0;0;0;0;0;0;0;0;0;0;0;0;0;0;0;0;0;0;0;0;0;0;0;0;0;0;0;0;0;0;0;0;0;0;0;0;0;0;0;0;0;0;0;0;0;0;0;0;0;0;0;0;0;0;0;0;0;0;0;0;0;0;0;0;0;0;0;0;0;0;0;0;0;0;0;0;0;0;0;0;0;0;0;0;0;0;0;0;0;0;0;0;0;0;0;0;0;0;0;0;0;0;0;0;0;0;0;0;0;0;0;0;0;0;0;0;0;0;0;0;0;0;0;0;0;0;0;0;0;0;0;0;0;0;0;0;0;0;0;0;0;0;0;0;0;0;0;0;0;0;0;0;0;0;0;0;0;0;0;0;0;0;0
Host control;1;2;792;982;1074;900;532;704;422;402;320;314;304;250;234;234;178;162;124;120;124;120;86;114;76;120;70;104;98;28;98;44;76;54;28;76;44;32;22;38;38;54;54;44;60;38;32;22;38;28;38;22;16;32;0;10;10;16;28;16;16;32;28;10;22;16;16;10;16;16;16;22;10;16;10;22;6;28;6;0;6;16;6;16;10;10;6;0;0;6;6;10;22;6;10;10;10;10;0;10;6;10;16;10;6;6;0;0;10;6;10;6;6;16;6;0;0;10;6;6;6;0;16;10;16;6;10;0;6;0;0;10;6;0;6;10;10;6;10;0;0;6;6;6;6;10;0;0;0;0;6;0;6;6;0;0;0;0;10;6;6;0;6;0;0;6;6;6;0;0;0;6;0;0;0;0;0;0;10;0;0;6;0;6;50;24;36;42;32;24;42;32;16;20;12;32;24;12;16;20;24;24;4;16;8;12;16;16;20;8;20;16;8;12;12;4;24;4;4;20;8;12;20;8;8;8;0;12;8;8;8;16;4;8;8;8;0;0;0;4;4;0;0;0;0;4;4;0;8;0;4;4;4;0;0;8;0;0;4;8;0;8;0;0;4;4;8;0;4;0;0;0;0;4;0;0;0;0;0;0;4;0;0;0;4;0;0;0;0;0;0;0;0;0;0;8;0;0;4;0;0;8;4;4;0;0;0;4;4;0;0;0;0;4;0;0;0;4;0;0;0;4;0;4;0;0;4;0;0;0;0;0;0;4;0;0;4;0;0;4;0;0;0;0;0;0;0;0;8;0;0;16;8;0;6;0;0;4;2;2;0;4;0;0;0;0;0;2;0;0;0;0;0;0;0;0;0;0;0;0;0;0;0;0;0;0;0;0;0;0;0;2;2;0;0;0;0;0;0;0;0;0;0;2;0;0;0;0;0;0;0;0;0;0;0;0;0;0;0;0;0;0;0;0;0;0;0;0;0;0;0;0;0;2;0;0;0;0;0;0;0;0;0;0;0;0;0;0;0;0;0;0;0;0;0;0;0;0;0;0;0;0;0;0;0;0;0;0;0;0;0;0;0;2;0;0;0;0;0;0;0;0;0;0;0;0;0;0;0;0;0;0;0;0;0;0;0;0;0;0;0;0;0;0;0;0;0;0;0;0;0;0;0;0;0;0;0;0;0;0;0;0;0;0;0;0;0;0;0;0;0;0;0;0;0;0;0;0;0;0;0;0;0;0;0;0;0;0;0;0;0;0;0;0;0;0;0;0;0;0;0;0;0;0;0;0;0;0;0;0;0;0;0;0;0;0;0;0;0;0;0;0;0;0;0;0;0;0;0;0;0;0;0;0;0;0;0;0;0;0;0;0;0;0;0;0;0;0;0;0;0;0;0;0;0;0;0;0;0;0;0;0;0;0;0;0;0;0;0;0;0;0;0;0;0;0;0;0;0;0;0;0;0;0;0;0;0;0;0;0;0;0;0;0;0;0;0;0;0;0;0;0;0;0;0;0;0;0;0;0;0;0;0;0;0;0;0;0;0;0;0;0;0;0;0;0;0;0;0;0;0;0;0;0;0;0;0;0;0;0;0;0;0;0;0;0;0;0;0;0;0;0;0;0;0;0;0;0;0;0;0;0;0;0;0;0;0;0;0;0;0;0;0;0;0;0;0;0;0;0;0;0;0;0;0;0;0;0;0;0;0;0;0;0;0;0;0;0;0;0;0;0;0;0;0;0;0;0;0;0;0;0;0;0;0;0;0;0;0
Artifact control;1;2;1398;1022;770;780;692;552;446;376;464;366;264;386;250;214;172;190;218;176;182;154;176;158;126;134;144;74;148;148;120;84;120;102;78;92;66;60;60;78;74;52;70;66;56;52;56;46;38;38;38;56;56;42;46;38;42;28;66;14;46;4;24;66;28;24;14;18;28;10;10;28;24;28;18;4;14;38;18;14;10;10;14;10;10;10;14;18;14;10;4;10;10;4;18;10;14;24;10;10;18;10;0;4;10;14;14;0;10;14;10;10;10;0;10;14;14;4;14;14;4;0;0;10;24;10;0;4;0;0;10;0;4;0;0;10;4;4;4;10;10;0;10;10;10;10;0;4;10;0;0;0;0;4;4;0;0;0;0;0;4;0;0;4;4;0;0;10;14;0;4;0;0;10;4;0;4;4;0;10;0;0;4;4;26;18;18;14;14;12;6;8;14;8;20;12;2;6;12;20;8;8;8;20;8;2;8;8;14;2;8;14;0;0;6;8;2;14;8;8;6;6;2;6;12;0;6;2;12;2;2;2;8;6;2;0;6;2;0;2;0;2;0;2;0;2;0;2;12;2;12;0;2;2;2;2;0;8;2;6;0;0;2;0;2;0;0;2;2;2;0;6;6;0;0;2;2;0;0;0;2;0;0;0;2;0;0;2;0;0;0;0;6;0;2;2;0;0;2;0;0;2;2;0;0;0;0;0;0;0;2;0;2;0;0;0;0;0;0;0;6;0;2;2;0;0;0;2;0;0;0;0;0;0;0;2;0;0;0;0;0;0;0;0;0;0;0;0;0;0;0;8;8;16;4;0;4;0;8;0;0;0;2;0;0;2;0;0;2;0;0;0;0;0;0;2;0;2;2;2;0;0;2;0;0;0;0;0;0;0;0;0;0;0;0;0;0;0;0;0;0;0;0;0;0;0;0;0;0;0;0;0;0;0;0;0;0;0;0;0;0;0;0;0;0;0;0;0;0;0;0;0;0;0;0;0;0;0;0;0;0;0;0;0;0;0;0;0;0;0;0;0;0;0;0;0;0;0;0;0;0;0;0;0;0;0;0;0;0;0;0;0;0;0;0;0;0;0;0;0;0;0;0;0;0;0;0;0;0;0;0;0;0;0;0;0;0;0;0;0;0;0;0;0;0;0;0;0;0;0;0;0;0;0;0;0;0;0;0;0;0;0;0;0;0;0;0;0;0;0;0;0;0;0;0;0;0;0;0;0;0;0;0;0;0;0;0;0;0;0;0;0;0;0;0;0;0;0;0;0;0;0;0;0;0;0;0;0;0;0;0;0;0;0;0;0;0;0;0;0;0;0;0;0;0;0;0;0;0;0;0;0;0;0;0;0;0;0;0;0;0;0;0;0;0;0;0;0;0;0;0;0;0;0;0;0;0;0;0;0;0;0;0;0;0;0;0;0;0;0;0;0;0;0;0;0;0;0;0;0;0;0;0;0;0;0;0;0;0;0;0;0;0;0;0;0;0;0;0;0;0;0;0;0;0;0;0;0;0;0;0;0;0;0;0;0;0;0;0;0;0;0;0;0;0;0;0;0;0;0;0;0;0;0;0;0;0;0;0;0;0;0;0;0;0;0;0;0;0;0;0;0;0;0;0;0;0;0;0;0;0;0;0;0;0;0;0;0;0;0;0;0;0;0;0;0;0;0;0;0;0;0;0;0;0;0;0;0;0;0;0;0;0;0;0;0;0;0;0;0;0;0;0;0;0;0;0;0;0;0;0;0;0;0;0;0;0;0;0
Treament;1;3;1034;874;614;514;450;424;400;286;250;264;218;250;228;236;210;164;178;110;164;110;110;110;72;142;92;104;104;68;86;50;60;54;86;92;60;32;36;40;32;28;36;72;40;46;28;28;36;32;32;40;32;28;22;18;32;14;36;36;32;54;22;18;14;14;36;18;18;14;4;14;18;14;18;22;4;10;36;28;28;14;10;18;22;14;22;18;4;14;10;10;4;14;0;4;4;0;0;28;14;4;14;22;0;0;18;18;0;0;10;4;10;0;4;10;14;0;10;14;4;0;0;22;10;0;4;14;10;10;4;14;4;0;0;10;18;14;0;10;0;10;4;4;0;0;10;10;0;10;4;0;0;4;10;4;10;4;0;4;10;10;0;0;4;0;4;4;0;0;0;4;10;10;4;0;0;4;4;0;10;4;0;0;44;52;36;16;28;16;24;28;20;12;20;16;12;16;24;16;28;24;20;4;12;28;8;4;8;0;12;4;12;4;12;4;0;8;8;8;4;4;4;8;16;0;4;4;12;0;0;4;4;8;8;8;0;16;8;8;8;8;4;4;0;0;0;8;4;4;8;4;0;0;4;0;4;8;0;0;0;0;0;0;4;0;0;4;4;8;4;4;8;0;0;4;4;0;0;0;4;0;0;4;8;0;0;0;0;0;0;8;8;0;0;0;4;0;0;0;0;8;4;0;0;0;0;0;0;0;4;0;4;0;0;8;0;0;4;0;0;4;4;0;0;4;0;0;0;0;0;0;4;0;4;0;0;0;0;0;0;0;0;0;0;0;4;0;4;4;0;6;6;4;10;0;6;4;4;4;0;0;4;2;0;0;4;0;2;2;0;0;2;2;2;2;0;0;0;0;0;0;0;0;2;0;0;0;0;0;0;0;0;0;0;0;0;0;2;0;0;0;0;0;0;0;0;0;2;0;0;0;0;0;0;0;0;0;0;0;0;0;0;0;0;0;0;0;0;0;0;0;0;0;0;0;0;0;0;0;0;0;0;0;0;0;0;0;0;0;0;0;0;0;0;0;0;0;0;0;0;0;0;0;0;0;0;0;0;0;0;0;0;0;0;0;0;0;0;0;0;0;0;0;0;0;0;0;0;0;0;0;0;0;0;0;0;0;0;0;0;0;0;0;0;0;0;0;0;0;0;0;0;0;0;0;0;0;0;0;0;0;0;0;0;0;0;0;0;0;0;0;0;0;0;0;0;0;0;0;0;0;0;0;0;0;0;0;0;0;0;0;0;0;0;0;0;0;0;0;0;0;0;0;0;0;0;0;0;1;0;0;0;0;0;0;0;0;0;0;0;0;0;0;0;0;0;0;0;0;0;0;0;0;0;0;0;0;0;0;0;0;0;0;0;0;0;0;0;0;0;0;0;0;0;0;0;0;0;0;0;0;0;0;0;0;0;0;0;0;0;0;0;0;0;0;0;0;0;0;0;0;0;0;0;0;0;0;0;0;0;0;0;0;0;0;0;0;0;0;0;0;0;0;0;0;0;0;0;0;0;0;0;0;0;0;0;0;0;0;0;0;0;0;0;0;0;0;0;0;0;0;0;0;0;0;0;0;0;0;0;0;0;0;0;0;0;0;0;0;0;0;0;0;0;0;0;0;0;0;0;0;0;0;0;0;0;0;0;0;0;0;0;0;0;0;0;0;0;0;0;0;0;0;0;0;0;0;0;0;0;0;0;0;0;0;0;0;0;0;0;0;0;0;0;0;0;0;0;0;0;0;0;0;0;0;0;0;0
Host control;1;3;678;1106;1324;938;864;666;578;416;428;342;324;254;342;330;248;198;206;230;130;156;124;192;156;112;106;118;94;118;118;156;124;94;80;94;94;124;62;74;80;56;24;68;62;44;38;74;56;68;56;24;62;50;32;62;68;38;44;38;68;56;38;24;32;56;50;50;24;24;32;38;38;50;12;24;32;12;38;18;18;18;38;18;6;12;12;24;24;62;32;18;18;6;6;18;18;12;12;18;32;0;12;24;24;12;18;0;6;12;24;12;24;6;6;24;0;6;6;12;18;6;12;12;0;0;6;6;0;12;12;12;12;24;6;18;0;18;6;18;18;6;12;12;6;18;12;6;0;24;12;24;6;0;6;0;0;0;0;6;12;12;6;12;0;0;12;18;12;18;6;0;6;0;24;6;6;0;0;0;6;0;0;6;64;24;60;70;40;36;36;30;40;28;30;18;24;22;16;36;34;10;36;22;18;24;6;12;22;12;24;16;6;16;22;12;12;12;28;10;4;6;4;16;24;12;4;4;16;10;0;16;4;12;10;6;0;10;6;0;4;0;10;10;10;0;4;18;12;12;0;10;4;10;6;4;6;4;4;0;4;4;0;6;4;6;4;4;6;6;4;4;0;6;0;6;0;4;4;10;4;4;0;4;0;0;6;4;0;4;6;4;0;0;4;4;4;10;4;4;0;0;0;0;4;6;0;0;6;0;4;0;0;4;0;0;0;4;0;4;0;0;4;0;4;0;6;0;4;0;0;6;0;0;0;0;0;4;4;0;4;0;0;0;0;0;0;4;0;6;0;18;14;12;10;10;6;8;0;4;0;2;2;0;4;2;2;2;0;2;2;0;0;0;2;0;0;0;0;0;0;2;0;0;0;0;0;0;0;0;2;0;0;0;0;0;0;0;0;0;0;0;0;0;0;0;0;0;0;0;0;0;0;0;0;0;2;0;0;0;0;0;0;0;0;0;0;0;0;0;0;0;0;0;0;0;0;2;0;0;0;0;0;0;0;0;0;0;0;0;0;0;0;0;0;0;0;0;0;0;0;0;0;0;0;0;0;0;0;0;0;0;0;0;0;0;0;0;0;0;0;0;0;0;0;0;0;0;0;0;0;0;0;0;0;0;0;0;0;0;0;0;0;0;0;0;0;0;0;0;0;0;0;0;0;0;0;0;0;0;0;0;0;0;0;0;0;0;0;0;0;0;0;0;0;0;0;0;0;0;0;0;0;0;0;0;0;0;0;0;0;0;0;0;0;0;0;0;0;0;0;0;0;0;0;0;0;0;0;0;0;0;0;0;0;0;0;0;0;0;0;0;0;0;0;0;0;0;0;0;0;0;0;0;0;0;0;0;0;0;0;0;0;0;0;0;0;0;0;0;0;0;0;0;0;0;0;0;0;0;0;0;0;0;0;0;0;0;0;0;0;0;0;0;0;0;0;0;0;0;0;0;0;0;0;0;0;0;0;0;0;0;0;0;0;0;0;0;0;0;0;0;0;0;0;0;0;0;0;0;0;0;0;0;0;0;0;0;0;0;0;0;0;0;0;0;0;0;0;0;0;0;0;0;0;0;0;0;0;0;0;0;0;0;0;0;0;0;0;0;0;0;0;0;0;0;0;0;0;0;0;0;0;0;0;0;0;0;0;0;0;0;0;0;0;0;0;0;0;0;0;0;0;0;0;0;0;0;0;0;0;0;0;0;0;0;0;0;0;0;0;0;0;0;0;0;0;0;0;0;0;0;0;0;0;0;0;0;0
Artifact control;1;3;1008;818;508;466;294;348;278;262;212;192;156;212;126;98;140;144;82;86;50;90;78;40;58;58;82;50;74;46;46;40;40;40;50;50;32;20;32;46;36;40;40;24;16;20;40;28;16;16;24;16;32;4;20;16;24;12;16;4;24;4;20;8;24;4;8;12;12;4;24;12;4;24;16;20;12;12;12;24;8;4;4;4;8;12;0;16;4;4;4;4;4;0;8;8;0;12;12;4;8;4;8;8;8;12;8;12;8;4;4;0;4;0;4;4;4;20;4;0;4;0;4;8;4;12;0;4;8;4;4;0;4;0;4;0;4;4;0;4;0;0;0;0;4;4;16;4;0;8;0;8;0;8;4;0;4;0;12;4;0;4;4;4;4;4;0;0;0;4;0;4;4;0;4;4;4;4;0;0;0;0;4;0;40;14;36;54;32;18;18;22;40;40;14;18;28;32;32;10;10;22;18;18;4;18;4;0;10;10;4;4;14;18;10;14;18;28;14;28;14;4;0;0;14;4;0;4;4;14;4;18;14;4;4;10;14;14;0;18;0;22;10;0;18;4;4;0;18;0;0;4;4;4;0;4;18;4;10;10;0;0;0;4;14;4;4;4;0;4;10;4;0;0;0;4;4;0;0;4;0;10;10;10;0;0;0;4;0;4;0;4;0;0;0;4;4;0;10;0;4;0;4;4;0;0;4;0;4;0;0;4;4;4;0;4;0;0;0;0;4;4;4;4;0;0;0;0;0;0;0;0;0;4;0;0;0;4;0;0;0;0;0;0;0;0;0;0;0;4;0;22;14;10;4;8;0;4;2;4;4;2;2;4;4;0;2;2;0;0;2;0;0;0;0;0;0;2;0;0;0;2;0;0;2;0;0;0;0;0;0;0;0;0;0;0;0;0;0;0;0;0;0;0;0;0;0;0;0;0;0;0;0;0;0;0;0;0;0;0;0;0;0;0;0;0;0;0;0;0;0;0;0;0;0;0;0;0;0;0;0;0;0;2;0;0;0;0;0;0;0;0;0;0;0;0;0;0;0;0;0;0;0;0;0;0;0;0;0;0;0;0;0;0;0;0;0;0;0;0;0;0;0;0;0;0;0;0;0;0;0;0;0;0;0;0;0;0;0;0;0;0;0;0;0;0;0;0;0;0;0;0;0;0;0;0;0;0;0;0;0;0;0;0;0;0;0;0;0;0;0;0;0;0;0;0;0;0;0;0;0;0;0;0;0;0;0;0;0;0;0;0;0;0;0;0;0;0;0;0;0;0;0;0;0;0;0;0;0;0;0;0;0;0;0;0;0;0;0;0;0;0;0;0;0;0;0;0;0;0;0;0;0;0;0;0;0;0;0;0;0;0;0;0;0;0;0;0;0;0;0;0;0;0;0;0;0;0;0;0;0;0;0;0;0;0;0;0;0;0;0;0;0;0;0;0;0;0;0;0;0;0;0;0;0;0;0;0;0;0;0;0;0;0;0;0;0;0;0;0;0;0;0;0;0;0;0;0;0;0;0;0;0;0;0;0;0;0;0;0;0;0;0;0;0;0;0;0;0;0;0;0;0;0;0;0;0;0;0;0;0;0;0;0;0;0;0;0;0;0;0;0;0;0;0;0;0;0;0;0;0;0;0;0;0;0;0;0;0;0;0;0;0;0;0;0;0;0;0;0;0;0;0;0;0;0;0;0;0;0;0;0;0;0;0;0;0;0;0;0;0;0;0;0;0;0;0;0;0;0;0;0;0;0;0;0;0;0;0
Treament;2;1;988;832;654;538;450;328;338;344;188;232;250;188;144;134;172;100;150;138;78;122;84;94;128;84;106;60;88;78;38;66;56;50;66;44;88;44;22;66;22;60;66;50;56;60;66;34;56;28;44;38;28;22;28;38;16;6;56;60;12;16;28;16;12;22;6;16;38;0;12;16;16;34;38;12;16;16;12;12;6;0;22;16;12;16;6;16;22;22;16;16;28;6;6;12;22;12;0;6;22;0;6;6;16;0;6;12;12;6;0;6;0;6;12;12;0;12;6;0;12;6;6;0;12;6;6;0;0;6;6;0;6;6;0;0;0;0;0;0;0;6;6;0;6;16;0;0;6;0;0;16;0;0;16;12;0;0;0;0;0;0;0;0;0;6;6;6;0;6;0;6;0;12;12;0;6;6;6;0;0;0;0;0;20;38;18;24;20;20;20;24;20;4;24;10;24;14;14;10;10;14;6;18;18;6;10;4;6;10;6;4;6;10;4;6;10;6;4;4;0;14;18;18;4;10;4;4;4;0;6;10;0;4;0;0;6;0;4;0;0;0;0;4;0;4;0;4;4;6;0;0;0;0;4;0;0;0;0;0;4;0;0;4;0;4;0;4;4;0;4;4;0;0;4;0;0;0;4;0;0;0;4;0;0;0;0;0;0;0;0;4;0;0;0;4;0;0;4;0;0;0;0;0;0;0;0;0;0;0;0;4;0;0;0;4;0;0;0;0;0;0;0;4;0;4;0;0;0;0;4;4;0;0;0;0;0;0;0;4;0;0;4;0;0;0;0;0;0;0;0;12;8;6;2;4;0;2;2;2;2;4;0;0;2;2;0;2;0;0;0;2;0;0;0;2;0;0;0;0;0;0;0;0;0;0;2;0;0;2;0;0;0;0;0;0;0;0;0;0;0;0;0;0;0;0;0;0;0;2;0;0;0;0;0;0;0;0;0;0;0;0;0;0;0;0;0;0;0;0;0;0;0;0;0;0;0;0;0;2;0;0;0;0;0;0;0;0;0;0;0;0;0;0;0;0;0;0;0;0;0;0;0;0;0;0;0;0;0;0;0;0;0;0;0;0;0;0;0;0;0;0;0;0;0;0;0;0;0;0;0;0;0;0;0;0;0;0;0;0;0;0;0;0;0;0;0;0;0;0;0;0;0;0;0;0;0;0;0;0;0;0;0;0;0;0;0;0;0;0;0;0;0;0;0;0;0;0;0;0;0;0;0;0;0;0;0;0;0;0;0;0;0;0;0;0;0;0;0;0;0;0;1;0;0;0;0;0;0;0;0;0;0;0;1;0;0;0;0;0;0;0;0;0;0;0;0;0;0;0;0;0;0;1;0;0;0;0;0;0;0;0;0;0;0;0;0;0;0;0;0;0;0;0;0;0;0;0;0;0;0;0;0;0;0;0;0;0;0;0;0;0;0;0;0;0;0;0;0;0;0;0;0;0;0;0;0;0;0;0;0;0;0;0;0;0;0;0;0;0;0;0;0;0;0;0;0;0;0;0;0;0;0;0;0;0;0;0;0;0;0;0;0;0;0;0;0;0;0;0;0;0;0;0;0;0;0;0;0;0;0;0;0;0;0;0;0;0;0;0;0;0;0;0;0;0;0;0;0;0;0;0;0;0;0;0;0;0;0;0;0;0;0;0;0;0;0;0;0;0;0;0;0;0;0;0;0;0;0;0;0;0;0;0;0;0;0;0;0;0;0;0;0;0;0;0;0;0;0;0;0;0;0;0;0;0;0;0;0
Host control;2;1;900;686;538;530;352;380;228;190;154;116;222;168;168;168;134;102;106;106;78;84;84;64;56;52;64;46;56;56;60;28;24;38;38;42;38;46;28;18;38;28;18;18;10;14;10;38;0;28;10;14;18;10;24;24;28;14;18;14;0;14;24;14;4;10;10;14;18;14;14;10;10;0;14;10;4;10;10;24;14;0;10;10;4;14;4;18;0;4;0;10;0;4;4;4;0;0;0;4;10;4;4;4;4;0;4;4;4;10;4;10;0;0;10;0;0;0;0;0;4;4;0;10;4;4;0;0;4;4;0;0;18;4;4;0;0;14;0;4;10;0;0;4;0;0;0;4;0;4;0;10;0;0;10;0;0;0;0;0;0;4;10;0;0;0;0;0;0;0;0;0;0;4;0;4;0;4;4;4;0;0;4;0;30;16;12;22;6;18;12;16;16;12;16;10;10;16;16;12;6;22;6;10;4;10;10;4;4;6;4;6;12;10;6;10;4;16;4;10;6;6;0;6;6;0;4;4;0;4;6;0;6;0;0;0;4;4;4;0;6;4;4;6;0;0;0;4;0;0;6;4;0;0;4;0;6;4;4;4;0;4;4;4;4;0;4;4;0;0;0;4;0;0;4;0;0;0;4;0;0;0;4;0;0;0;0;4;0;0;0;10;4;0;0;0;0;0;0;0;4;0;0;0;0;0;0;0;0;0;0;4;4;0;0;0;0;0;4;0;0;0;0;0;0;0;0;0;0;0;0;0;4;0;4;0;0;0;0;0;0;0;4;0;0;0;0;0;0;0;0;2;4;2;0;4;2;4;0;0;0;2;0;0;0;2;0;0;0;0;0;0;0;0;0;0;0;2;0;0;0;0;0;0;2;0;0;0;2;0;0;0;0;0;0;0;0;0;0;0;0;0;0;0;0;0;0;0;0;0;0;0;0;0;0;0;0;0;0;0;0;0;0;0;0;0;0;0;0;0;0;0;0;0;0;0;0;0;0;0;0;0;0;0;0;0;0;0;0;0;0;0;0;0;0;0;0;0;0;0;0;0;0;0;0;0;0;0;0;0;0;0;0;0;0;0;0;0;0;0;0;0;0;0;0;0;0;0;0;0;0;0;0;0;0;0;0;0;0;0;0;0;0;0;0;0;0;0;0;0;0;0;0;0;0;0;0;0;0;0;0;0;0;0;0;0;0;0;0;0;0;0;0;0;0;0;0;0;0;0;0;0;0;0;0;0;0;0;0;0;0;0;0;0;0;0;0;0;0;0;0;0;0;0;1;0;0;0;0;0;0;0;0;0;0;0;0;0;0;0;0;0;0;0;0;0;0;0;0;0;0;0;0;0;0;0;0;0;0;0;0;0;0;0;0;0;0;0;0;0;0;0;0;0;0;0;0;0;0;0;0;0;0;0;0;0;0;0;0;0;0;0;0;0;0;0;0;0;0;0;0;0;0;0;0;0;0;0;0;0;0;0;0;0;0;0;0;0;0;0;0;0;0;0;0;0;0;0;0;0;0;0;0;0;0;0;0;0;0;0;0;0;0;0;0;0;0;0;0;0;0;0;0;0;0;0;0;0;0;0;0;0;0;0;0;0;0;0;0;0;0;0;0;0;0;0;0;0;0;0;0;0;0;0;0;0;0;0;0;0;0;0;0;0;0;0;0;0;0;0;0;0;0;0;0;0;0;0;0;0;0;0;0;0;0;0;0;0;0;0;0;0;0;0;0;0;0;0;0;0;0;0;0;0;0;0;0;0;0
Artifact control;2;1;792;982;1074;900;532;704;422;402;320;314;304;250;234;234;178;162;124;120;124;120;86;114;76;120;70;104;98;28;98;44;76;54;28;76;44;32;22;38;38;54;54;44;60;38;32;22;38;28;38;22;16;32;0;10;10;16;28;16;16;32;28;10;22;16;16;10;16;16;16;22;10;16;10;22;6;28;6;0;6;16;6;16;10;10;6;0;0;6;6;10;22;6;10;10;10;10;0;10;6;10;16;10;6;6;0;0;10;6;10;6;6;16;6;0;0;10;6;6;6;0;16;10;16;6;10;0;6;0;0;10;6;0;6;10;10;6;10;0;0;6;6;6;6;10;0;0;0;0;6;0;6;6;0;0;0;0;10;6;6;0;6;0;0;6;6;6;0;0;0;6;0;0;0;0;0;0;10;0;0;6;0;6;26;24;26;24;8;6;8;6;18;14;12;0;12;24;8;0;18;14;2;6;2;6;12;6;12;6;8;6;2;0;0;6;12;2;2;18;12;6;0;6;2;0;2;2;2;0;8;2;6;0;2;6;2;2;2;6;0;2;2;0;6;12;0;0;2;0;8;2;2;6;0;2;6;2;6;6;0;0;2;0;0;0;2;0;0;2;2;0;0;2;0;0;0;6;0;0;0;0;0;0;0;2;0;0;0;0;0;0;0;0;0;0;0;0;0;0;0;0;0;0;2;0;2;0;0;0;0;0;0;0;0;0;0;0;0;0;0;0;6;2;0;0;0;2;0;2;0;0;2;2;0;0;0;0;0;0;0;0;0;0;0;0;0;0;0;0;2;10;6;6;4;6;8;2;4;2;4;0;2;0;0;0;0;0;0;0;2;0;0;2;2;0;0;0;0;0;0;0;0;0;0;0;2;0;0;0;0;0;0;0;0;0;0;0;0;0;0;0;0;0;0;0;0;0;0;0;0;0;0;0;0;0;0;0;0;0;0;0;0;0;0;0;0;0;0;0;0;0;0;0;0;0;0;0;0;0;0;0;0;0;0;0;0;0;0;0;0;0;0;0;0;0;0;0;0;0;0;0;0;0;0;0;0;0;0;0;0;0;0;0;0;0;0;0;0;0;0;0;0;0;0;0;0;0;0;0;0;0;0;0;0;0;0;0;0;0;0;0;0;0;0;0;0;0;0;0;0;0;0;0;0;0;0;0;0;0;0;0;0;0;0;0;0;0;0;0;0;0;0;0;0;0;0;0;0;0;0;0;0;0;0;0;0;0;0;0;0;0;0;0;0;0;0;0;0;0;0;0;0;0;0;0;0;0;0;0;0;0;0;0;0;0;0;0;0;0;0;0;0;0;0;0;0;0;0;0;0;0;0;0;0;0;0;0;0;0;0;0;0;0;0;0;0;0;0;0;0;0;0;0;0;0;0;0;0;0;0;0;0;0;0;0;0;0;0;0;0;0;0;0;0;0;0;0;0;0;0;0;0;0;0;0;0;0;0;0;0;0;0;0;0;0;0;0;0;0;0;0;0;0;0;0;0;0;0;0;0;0;0;0;0;0;0;0;0;0;0;0;0;0;0;0;0;0;0;0;0;0;0;0;0;0;0;0;0;0;0;0;0;0;0;0;0;0;0;0;0;0;0;0;0;0;0;0;0;0;0;0;0;0;0;0;0;0;0;0;0;0;0;0;0;0;0;0;0;0;0;0;0;0;0;0;0;0;0;0;0;0;0;0;0;0;0;0;0;0;0;0;0;0;0;0;0;0;0;0;0;0;0;0;0;0;0;0;0
Treament;2;2;1116;876;702;546;364;406;286;252;338;228;224;152;170;170;140;136;90;116;132;92;90;82;28;62;62;58;66;38;34;74;78;30;28;34;54;50;54;28;34;42;30;20;30;20;34;28;16;30;8;30;20;20;16;16;4;16;28;20;20;34;12;8;16;4;20;16;12;20;4;12;12;4;8;12;24;8;0;8;12;8;4;12;12;12;4;8;20;8;12;12;0;12;12;12;8;0;8;4;4;4;12;12;0;8;12;0;8;12;4;4;8;12;0;8;8;0;0;0;0;8;0;4;0;0;4;8;0;4;12;0;8;4;4;12;4;12;4;0;16;0;4;0;4;4;4;0;0;4;4;4;4;4;4;4;4;0;0;0;0;4;0;0;4;0;12;4;12;0;0;8;0;0;0;4;0;4;4;0;4;0;0;0;44;72;26;36;20;48;36;32;30;36;20;30;36;20;32;18;42;20;38;18;30;24;14;18;12;24;6;12;14;18;12;18;2;12;8;8;8;14;8;8;12;14;18;8;14;8;8;6;12;6;2;2;0;6;8;2;2;6;2;12;12;12;0;2;12;6;8;2;2;0;6;6;2;6;2;0;6;2;14;6;6;0;2;8;6;0;2;2;2;6;0;8;8;0;0;6;2;6;2;2;2;8;6;0;0;0;0;0;0;0;0;2;2;6;0;2;0;2;2;2;2;6;0;0;0;6;0;2;8;2;2;0;0;8;2;2;0;0;0;0;6;0;0;0;0;0;0;0;0;0;0;0;0;0;2;0;0;2;0;12;2;0;0;0;2;0;0;12;12;6;8;0;4;2;0;8;0;4;2;4;2;0;2;2;0;0;0;0;2;0;2;0;0;0;0;0;0;0;2;0;2;0;0;0;0;0;0;0;2;0;0;0;0;0;0;0;0;0;0;0;0;0;0;0;0;0;0;0;0;0;0;0;0;0;0;0;0;0;0;0;0;2;0;0;0;0;0;0;0;0;0;0;0;0;0;0;0;0;0;0;0;0;0;0;0;0;0;0;0;0;0;0;0;0;0;0;0;0;0;0;0;0;0;0;0;0;0;0;0;0;0;0;0;0;0;0;0;0;0;0;0;0;0;0;0;0;0;0;0;0;0;0;0;0;0;0;0;0;0;0;0;0;0;0;0;0;0;0;0;0;0;0;0;0;0;0;0;0;0;0;0;0;0;0;0;0;0;0;0;0;0;0;0;0;0;0;0;0;0;0;0;0;0;0;0;0;0;0;0;0;0;0;0;0;0;0;0;0;0;0;0;0;0;0;0;0;0;0;0;0;0;0;0;0;0;0;0;0;0;0;0;0;0;0;0;0;0;0;0;0;0;0;0;0;0;0;0;0;0;0;0;0;0;0;0;0;0;0;0;0;0;0;0;0;0;0;0;0;0;0;0;0;0;0;0;0;0;0;0;0;0;0;0;0;0;0;0;0;0;0;0;0;0;0;0;0;0;0;0;0;0;0;0;0;0;0;0;0;0;0;0;0;0;0;0;0;0;0;0;0;0;0;0;0;0;0;0;0;0;0;0;0;0;0;0;0;0;0;0;0;0;0;0;0;0;0;0;0;0;0;0;0;0;0;0;0;0;0;0;0;0;0;0;0;0;0;0;0;0;0;0;0;0;0;0;0;0;0;0;0;0;0;0;0;0;0;0;0;0;0;0;0;0;0;0;0;0;0;0;0;0;0;0;0;0;0;0;0;0;0;0;0;0;0;0;0;0;0;0;0;0;0;0;0;0
Host control;2;2;1034;874;614;514;450;424;400;286;250;264;218;250;228;236;210;164;178;110;164;110;110;110;72;142;92;104;104;68;86;50;60;54;86;92;60;32;36;40;32;28;36;72;40;46;28;28;36;32;32;40;32;28;22;18;32;14;36;36;32;54;22;18;14;14;36;18;18;14;4;14;18;14;18;22;4;10;36;28;28;14;10;18;22;14;22;18;4;14;10;10;4;14;0;4;4;0;0;28;14;4;14;22;0;0;18;18;0;0;10;4;10;0;4;10;14;0;10;14;4;0;0;22;10;0;4;14;10;10;4;14;4;0;0;10;18;14;0;10;0;10;4;4;0;0;10;10;0;10;4;0;0;4;10;4;10;4;0;4;10;10;0;0;4;0;4;4;0;0;0;4;10;10;4;0;0;4;4;0;10;4;0;0;168;0;0;0;0;0;112;0;0;0;0;0;0;0;76;0;0;0;0;0;0;0;0;76;0;0;0;0;0;0;0;0;0;0;44;0;0;0;0;0;0;0;0;0;0;0;32;0;0;0;0;0;0;0;0;0;0;0;0;0;0;4;0;0;0;0;0;0;0;0;0;0;0;0;0;0;0;0;0;0;0;0;0;0;0;0;0;0;0;0;0;0;0;0;0;0;0;0;0;0;0;0;0;0;0;0;0;0;0;0;0;0;0;0;0;0;0;0;0;0;0;0;0;0;0;0;0;0;0;0;0;0;0;0;0;0;0;0;0;0;0;0;0;0;0;0;0;0;0;0;0;0;0;0;0;0;0;0;0;0;0;0;0;0;0;0;0;4;8;4;4;2;0;0;0;2;0;2;0;0;0;2;0;0;2;0;0;2;0;0;0;0;0;0;0;0;0;0;0;0;0;0;0;0;0;2;0;0;0;0;0;0;0;0;0;0;0;0;0;0;0;0;2;0;0;0;0;0;0;0;0;0;0;0;0;0;0;0;0;0;0;0;0;0;0;0;0;0;0;0;0;0;0;0;0;0;0;0;0;0;0;0;0;0;0;0;0;0;0;0;0;0;0;0;0;0;0;0;0;0;0;0;0;0;0;0;0;0;0;0;0;0;0;0;0;0;0;0;0;0;0;0;0;0;0;0;0;0;0;0;0;0;0;0;0;0;0;0;0;0;0;0;0;0;0;0;0;0;0;0;0;0;0;0;0;0;0;0;0;0;0;0;0;0;0;0;0;0;0;0;0;0;0;0;0;0;0;0;0;0;0;0;0;0;0;0;0;0;0;0;0;0;0;0;0;0;0;0;1;0;0;0;0;0;0;0;0;0;0;0;0;0;0;0;0;0;0;0;0;0;0;0;0;0;0;0;0;0;0;0;0;0;0;0;0;0;0;0;0;0;0;0;0;0;0;0;0;0;0;0;0;0;0;0;0;0;0;0;0;0;0;0;0;0;0;0;0;0;0;0;0;0;0;0;0;0;0;0;0;0;0;0;0;0;0;0;0;0;0;0;0;0;0;0;0;0;0;0;0;0;0;0;0;0;0;0;0;0;0;0;0;0;0;0;0;0;0;0;0;0;0;0;0;0;0;0;0;0;0;0;0;0;0;0;0;0;0;0;0;0;0;0;0;0;0;0;0;0;0;0;0;0;0;0;0;0;0;0;0;0;0;0;0;0;0;0;0;0;0;0;0;0;0;0;0;0;0;0;0;0;0;0;0;0;0;0;0;0;0;0;0;0;0;0;0;0;0;0;0;0;0;0;0;0;0;0;0;0;0;0;0;0;0;0;0
Artifact control;2;2;786;806;764;510;510;374;262;298;248;220;240;234;220;212;184;92;190;128;100;114;100;64;70;64;100;64;64;64;84;64;56;42;70;56;36;42;56;42;50;14;64;42;8;42;70;36;22;14;22;56;50;36;14;56;14;14;28;8;14;28;14;22;22;42;22;28;28;14;14;22;28;14;22;14;8;22;14;14;22;8;14;8;0;28;14;42;22;0;22;8;14;8;8;8;14;28;22;8;22;0;8;28;0;28;8;8;8;8;8;36;14;0;0;0;14;0;14;22;8;8;22;14;0;8;14;0;14;8;14;0;0;8;0;14;0;8;8;0;8;14;8;0;8;8;0;0;0;0;0;14;0;8;0;0;8;8;14;8;8;8;8;14;0;0;8;0;8;0;8;8;8;0;8;8;14;8;0;8;14;0;14;0;62;28;34;52;28;24;38;14;42;24;34;20;14;24;14;14;10;14;10;10;4;4;10;14;24;14;14;4;10;14;14;14;0;14;4;4;4;4;4;0;24;14;0;4;4;10;4;4;0;4;4;4;4;4;4;4;0;4;0;0;0;4;4;0;4;0;0;0;10;4;4;0;10;4;0;0;4;0;4;4;0;4;4;0;4;0;0;0;0;0;0;0;4;0;0;0;0;0;0;4;4;4;4;0;0;0;0;0;4;4;0;0;0;0;0;0;0;0;0;4;0;4;4;0;0;0;0;4;4;4;0;0;4;4;0;0;0;0;0;0;0;0;4;0;0;0;0;0;0;0;0;0;0;4;0;0;0;0;4;0;0;4;0;0;0;0;0;8;10;6;6;4;2;0;2;2;4;2;2;0;2;0;2;0;2;0;2;0;0;0;0;2;0;0;0;0;0;0;0;0;2;0;0;0;2;0;0;0;0;0;0;0;0;0;0;0;0;0;0;0;0;0;0;0;0;0;0;0;0;0;0;0;0;0;0;0;0;0;0;0;0;0;0;0;0;0;0;0;0;0;0;0;0;0;0;0;0;0;0;0;0;0;0;0;0;0;0;0;0;0;0;0;0;0;0;0;0;0;0;0;0;0;0;0;0;0;0;0;0;0;0;0;0;0;0;0;0;0;0;0;0;0;0;0;0;0;0;0;0;0;0;0;0;0;0;0;0;0;0;0;0;0;0;0;0;0;0;0;0;0;0;0;0;0;0;0;0;0;0;0;0;0;0;0;0;0;0;0;0;0;0;0;0;0;0;0;0;0;0;0;0;0;0;0;0;0;0;0;0;0;0;0;0;0;0;0;0;0;0;0;0;0;0;0;0;0;0;0;0;0;0;0;0;0;0;0;0;0;0;0;0;0;0;0;0;0;0;0;0;0;0;0;0;0;0;0;0;0;0;0;0;0;0;0;0;0;0;0;0;0;0;0;0;0;0;0;0;0;0;0;0;0;0;0;0;0;0;0;0;0;0;0;0;0;0;0;0;0;0;0;0;0;0;0;0;0;0;0;0;0;0;0;0;0;0;0;0;0;0;0;0;0;0;0;0;0;0;0;0;0;0;0;0;0;0;0;0;0;0;0;0;0;0;0;0;0;0;0;0;0;0;0;0;0;0;0;0;0;0;0;0;0;0;0;0;0;0;0;0;0;0;0;0;0;0;0;0;0;0;0;0;0;0;0;0;0;0;0;0;0;0;0;0;0;0;0;0;0;0;0;0;0;0;0;0;0;0;0;0;0;0;0;0;0;0;0;0;0;0;0;0;0;0;0;0;0;0;0;0;0;0;0;0;0;0
Treament;2;3;684;794;658;394;428;306;280;192;208;198;126;164;164;164;120;94;148;126;60;114;110;54;66;54;60;50;72;28;60;50;38;44;38;38;54;38;10;44;44;28;50;32;28;32;44;22;16;32;16;16;38;22;32;22;22;6;10;10;0;38;16;10;10;16;22;16;16;10;16;10;22;10;10;10;38;16;6;10;6;16;6;10;6;22;10;10;16;16;0;22;16;6;6;16;10;10;6;10;10;6;22;6;6;6;0;0;6;6;6;10;0;6;10;6;0;6;0;10;6;0;6;10;6;6;16;6;10;0;6;0;6;0;0;6;0;6;6;6;6;10;6;0;0;0;0;0;0;6;0;0;0;6;0;0;0;0;6;0;6;6;6;0;0;0;6;10;0;0;0;0;0;6;6;0;6;6;0;0;0;0;0;6;28;28;24;28;24;24;32;10;10;10;18;0;10;24;18;14;4;0;10;10;14;10;0;4;10;10;0;0;4;4;10;0;10;4;14;0;4;0;0;4;0;0;4;0;0;4;0;0;4;10;0;0;0;0;0;0;0;0;0;4;0;0;4;0;4;0;0;4;0;0;0;0;0;4;4;0;0;0;0;4;0;0;0;0;4;0;0;0;0;0;0;0;0;0;0;0;0;4;0;4;0;4;0;0;0;0;0;0;0;0;0;4;0;0;0;0;0;0;0;4;0;0;4;0;4;0;0;0;0;0;0;0;0;0;0;0;0;0;0;4;0;4;0;0;0;0;0;0;0;0;0;0;0;0;4;0;0;0;0;0;0;0;0;0;0;0;4;10;2;2;0;0;0;0;0;2;0;2;2;2;0;0;0;0;0;0;0;2;0;0;0;0;2;0;0;0;0;0;0;0;0;2;0;0;0;0;2;0;0;0;0;0;0;0;0;0;0;0;0;0;0;0;0;0;0;0;0;0;0;0;0;0;0;0;0;0;0;0;0;0;0;0;0;0;0;0;0;0;0;0;0;0;0;0;0;0;2;0;0;0;0;0;0;0;0;0;0;0;0;0;0;0;0;0;0;0;0;0;0;0;0;0;0;0;0;0;0;0;0;0;0;0;0;0;0;0;0;0;0;0;0;0;0;0;0;0;0;0;0;0;0;0;0;0;0;0;0;0;0;0;0;0;0;0;0;0;0;0;0;0;0;0;0;0;0;0;0;0;0;0;0;0;0;0;0;0;0;0;0;0;0;0;0;0;0;0;0;0;0;0;0;0;0;0;0;0;0;0;0;0;0;0;0;0;0;0;0;0;0;1;0;0;0;0;0;0;0;0;0;0;0;0;0;0;0;0;0;0;0;0;0;0;0;0;0;0;0;0;0;0;0;0;0;0;0;0;0;0;0;0;0;0;0;0;0;0;0;0;0;0;0;0;0;0;0;0;0;0;0;0;0;0;0;0;0;0;0;0;0;0;0;0;0;0;0;0;0;0;0;0;0;0;0;0;0;0;0;0;0;0;0;0;0;0;0;0;0;0;0;0;0;0;0;0;0;0;0;0;0;0;0;0;0;0;0;0;0;0;0;0;0;0;0;0;0;0;0;0;0;0;0;0;0;0;0;0;0;0;0;0;0;0;0;0;0;0;0;0;0;0;0;0;0;0;0;0;0;0;0;0;0;0;0;0;0;0;0;0;0;0;0;0;0;0;0;0;0;0;0;0;0;0;0;0;0;0;0;0;0;0;0;0;0;0;0;0;0;0;0;0;0;0;0;0;0;0;0;0;0;0;0;0;0;0;0
Host control;2;3;1212;1390;1000;746;542;516;330;424;272;220;238;212;204;136;194;152;170;204;194;170;94;50;84;136;118;60;76;50;60;94;76;76;136;42;60;110;50;76;76;34;16;60;50;50;60;16;8;68;34;42;16;8;26;8;8;42;0;34;8;42;34;34;34;8;34;26;26;8;0;8;26;8;8;26;34;8;16;8;16;8;26;34;26;8;34;8;0;26;8;8;0;16;0;16;0;8;8;16;0;16;16;8;0;0;0;16;0;8;0;26;16;8;8;26;8;0;0;16;16;8;0;8;0;0;8;16;26;0;0;0;0;0;0;0;8;26;0;0;0;8;16;8;8;0;8;8;0;8;0;8;0;8;0;0;0;0;0;0;8;8;8;16;8;8;0;0;16;0;8;0;0;0;0;8;0;16;0;8;8;8;8;0;26;46;34;26;26;30;30;30;18;18;22;12;8;12;26;22;8;22;0;22;18;18;8;12;8;18;12;18;4;12;0;4;8;0;4;0;4;0;4;8;4;8;8;4;4;0;0;4;4;4;0;4;8;0;4;4;0;4;0;18;0;8;8;0;0;0;8;4;4;0;0;4;0;8;0;0;4;0;4;4;0;4;0;0;4;0;0;4;0;0;4;0;4;0;8;4;4;0;4;0;0;0;0;4;0;4;4;0;0;0;0;0;0;4;0;0;0;0;0;0;0;0;0;0;0;8;4;0;0;0;0;0;0;0;0;8;0;0;4;0;0;4;0;0;0;0;0;0;0;0;0;0;0;0;0;0;0;0;0;0;4;0;0;0;0;0;0;0;4;0;2;0;0;4;2;0;0;0;2;0;0;0;0;0;0;0;0;0;0;0;0;0;0;0;0;0;0;0;0;0;0;0;0;0;0;0;0;0;0;0;0;0;0;0;0;0;2;0;0;0;0;0;0;0;0;0;0;0;0;0;0;0;0;0;0;0;0;0;0;0;0;0;0;0;0;0;0;0;0;0;0;0;0;0;0;0;0;0;0;0;0;0;0;0;0;0;0;0;0;0;0;0;0;0;0;0;0;0;0;0;0;0;0;0;0;0;0;0;0;0;0;0;0;0;0;0;0;0;0;0;0;0;0;0;0;0;0;0;0;0;0;0;0;0;0;0;0;0;0;0;0;0;0;0;0;0;0;0;0;0;0;0;0;0;0;0;0;0;0;0;0;0;0;0;0;0;0;0;0;0;0;0;0;0;0;0;0;0;0;0;0;0;0;0;0;0;0;0;0;0;0;0;0;0;0;0;0;0;0;0;0;0;0;0;0;0;0;0;0;0;0;0;0;0;0;0;0;0;0;0;0;0;0;0;0;0;0;0;0;0;0;0;0;0;0;0;0;0;0;0;0;0;0;0;0;0;0;0;0;0;0;0;0;0;0;0;0;0;0;0;0;0;0;0;0;0;0;0;0;0;0;0;0;0;0;0;0;0;0;0;0;0;0;0;0;0;0;0;0;0;0;0;0;0;0;0;0;0;0;0;0;0;0;0;0;0;0;0;0;0;0;0;0;0;0;0;0;0;0;0;0;0;0;0;0;0;0;0;0;0;0;0;0;0;0;0;0;0;0;0;0;0;0;0;0;0;0;0;0;0;0;0;0;0;0;0;0;0;0;0;0;0;0;0;0;0;0;0;0;0;0;0;0;0;0;0;0;0;0;0;0;0;0;0;0;0;0;0;0;0;0;0;0;0;0;0;0;0;0;0;0;0;0;0;0;0;0;0;0;0;0;0;0;0;0
Artifact control;2;3;1116;876;702;546;364;406;286;252;338;228;224;152;170;170;140;136;90;116;132;92;90;82;28;62;62;58;66;38;34;74;78;30;28;34;54;50;54;28;34;42;30;20;30;20;34;28;16;30;8;30;20;20;16;16;4;16;28;20;20;34;12;8;16;4;20;16;12;20;4;12;12;4;8;12;24;8;0;8;12;8;4;12;12;12;4;8;20;8;12;12;0;12;12;12;8;0;8;4;4;4;12;12;0;8;12;0;8;12;4;4;8;12;0;8;8;0;0;0;0;8;0;4;0;0;4;8;0;4;12;0;8;4;4;12;4;12;4;0;16;0;4;0;4;4;4;0;0;4;4;4;4;4;4;4;4;0;0;0;0;4;0;0;4;0;12;4;12;0;0;8;0;0;0;4;0;4;4;0;4;0;0;0;40;52;40;30;30;22;22;26;40;26;22;14;18;4;22;30;14;8;14;8;14;14;14;26;14;4;8;18;14;8;4;4;0;0;14;8;4;4;4;8;4;8;0;8;0;4;4;8;4;18;4;4;0;0;0;4;8;8;0;8;4;0;4;0;4;8;4;4;4;0;0;4;4;4;4;4;0;0;0;0;0;4;0;8;4;0;8;0;4;8;4;0;0;0;0;0;4;0;0;0;0;8;0;0;0;8;0;0;0;0;4;4;0;0;0;4;0;0;0;4;0;0;0;0;0;0;0;4;0;0;0;0;0;0;0;0;0;0;0;0;0;0;0;0;0;4;0;0;0;0;0;0;0;0;0;0;0;0;0;0;0;0;4;0;0;0;0;10;0;6;2;8;0;2;2;2;2;2;0;2;0;0;2;0;0;0;0;0;0;0;0;0;0;0;0;0;0;0;0;0;0;0;0;0;0;0;0;0;0;0;0;0;0;0;0;0;0;0;0;0;0;0;0;0;0;0;0;0;0;0;0;0;0;0;0;0;0;0;0;0;0;0;0;0;0;0;0;0;0;0;0;0;0;0;0;0;0;0;0;0;0;0;0;0;0;0;0;0;0;0;0;0;0;0;0;0;0;0;0;0;0;0;0;0;0;0;0;0;0;0;0;0;0;0;0;0;0;0;0;0;0;0;0;0;0;0;0;0;0;0;0;0;0;0;0;0;0;0;0;0;0;0;0;0;0;0;0;0;0;0;0;0;0;0;0;0;0;0;0;0;0;0;0;0;0;0;0;0;0;0;0;0;0;0;0;0;0;0;0;0;0;0;0;0;0;0;0;0;0;0;0;0;0;0;0;0;0;0;0;0;0;0;0;0;0;0;0;0;0;0;0;0;0;0;0;0;0;0;0;0;0;0;0;0;0;0;0;0;0;0;0;0;0;0;0;0;0;0;0;0;0;0;0;0;0;0;0;0;0;0;0;0;0;0;0;0;0;0;0;0;0;0;0;0;0;0;0;0;0;0;0;0;0;0;0;0;0;0;0;0;0;0;0;0;0;0;0;0;0;0;0;0;0;0;0;0;0;0;0;0;0;0;0;0;0;0;0;0;0;0;0;0;0;0;0;0;0;0;0;0;0;0;0;0;0;0;0;0;0;0;0;0;0;0;0;0;0;0;0;0;0;0;0;0;0;0;0;0;0;0;0;0;0;0;0;0;0;0;0;0;0;0;0;0;0;0;0;0;0;0;0;0;0;0;0;0;0;0;0;0;0;0;0;0;0;0;0;0;0;0;0;0;0;0;0;0;0;0;0;0;0;0;0;0;0;0;0;0;0;0;0;0;0;0;0
Treament;3;1;800;716;632;430;394;340;286;272;316;272;218;202;252;162;134;168;138;118;144;152;124;84;84;74;84;60;70;64;60;64;54;54;34;44;44;34;40;44;40;50;44;44;20;24;50;24;24;30;34;24;44;24;34;34;40;4;4;24;4;20;20;20;24;34;20;4;10;20;30;20;20;10;0;20;4;24;14;4;4;4;10;20;14;10;10;4;4;10;4;4;14;4;10;4;10;0;4;4;4;10;4;10;14;0;4;14;4;4;4;0;10;0;4;4;4;10;4;4;4;0;4;0;0;14;10;10;4;0;4;4;4;4;4;4;24;4;0;0;0;0;0;0;4;0;0;0;4;4;0;0;0;4;0;0;4;0;4;4;0;4;4;10;0;4;0;0;0;4;0;0;10;0;0;0;4;4;0;0;0;0;0;0;52;28;44;32;28;40;4;24;12;32;12;12;16;12;8;8;4;8;8;12;8;4;8;16;8;16;4;4;12;8;12;0;0;4;0;8;4;8;4;0;12;8;0;4;8;4;4;0;0;0;0;0;0;0;4;0;0;0;4;8;4;4;0;0;4;4;0;0;0;4;0;0;4;4;12;8;0;0;8;0;8;0;8;0;4;0;8;4;0;4;0;0;0;8;0;0;4;4;0;0;0;8;0;0;0;4;0;0;0;0;0;4;4;0;4;0;8;0;0;0;4;0;4;0;4;0;8;4;0;0;0;0;0;0;0;4;0;0;0;0;0;4;4;0;0;0;0;4;0;0;0;0;0;0;4;0;0;0;0;0;0;0;0;4;0;0;0;8;8;6;4;6;0;4;0;2;2;2;0;0;0;0;0;0;2;0;0;0;0;0;0;2;0;0;0;0;0;0;2;0;0;2;0;2;0;0;0;0;0;0;0;0;0;0;0;0;0;0;0;0;0;0;0;0;0;0;0;0;0;0;0;0;0;0;0;0;2;0;0;0;0;0;0;0;0;0;0;0;0;0;0;0;0;0;0;0;0;0;0;0;0;0;0;0;0;0;0;0;0;0;0;0;0;0;0;0;0;0;0;0;0;0;0;0;0;0;0;0;0;0;0;0;0;0;0;0;0;0;0;0;0;0;0;0;0;0;0;0;0;0;0;0;0;0;0;0;0;0;0;0;0;0;0;0;0;0;0;0;0;0;0;0;0;0;0;0;0;0;0;0;0;0;0;0;0;0;0;0;0;0;0;0;0;0;0;0;0;0;0;0;0;0;0;0;0;0;0;0;0;0;0;0;0;0;0;0;0;0;0;0;0;0;0;0;0;0;0;0;0;0;0;0;0;0;0;0;0;0;0;0;0;0;0;0;0;0;0;0;0;1;0;0;0;0;0;0;0;0;0;0;0;0;0;0;0;0;0;0;0;0;0;0;0;0;0;0;0;0;0;0;0;0;0;0;0;0;0;0;0;0;0;0;0;0;0;0;0;0;0;0;0;0;0;0;0;0;0;0;0;0;0;0;0;0;0;0;0;0;0;0;0;0;0;0;0;0;0;0;0;0;0;0;0;0;0;0;0;0;0;0;0;0;0;0;0;0;0;0;0;0;0;0;0;0;0;0;0;0;0;0;0;0;0;0;0;0;0;0;0;0;0;0;0;0;0;0;0;0;0;0;0;0;0;0;0;0;0;0;0;0;0;0;0;0;0;0;0;0;0;0;0;0;0;0;0;0;0;0;0;0;0;0;0;0;0;0;0;0;0;0;0;0;0;0;0;0;0;0;0;0;0;0;0;0;0
Host control;3;1;404;272;202;194;172;112;156;82;66;108;86;98;62;70;74;50;82;24;50;42;32;24;46;38;42;28;28;28;28;24;16;28;28;16;16;20;8;8;4;16;8;24;8;28;4;8;4;4;20;8;4;16;16;20;16;4;8;4;0;12;12;4;8;8;0;12;8;12;8;8;0;0;4;4;8;4;0;4;4;12;4;4;12;8;0;8;4;4;0;4;4;0;0;0;8;0;8;0;0;0;8;0;0;0;4;0;0;4;4;4;4;0;0;0;4;0;0;0;0;0;8;12;0;4;0;0;4;8;0;4;0;8;8;4;0;4;4;0;0;12;4;0;4;4;8;4;0;4;0;4;0;0;0;0;0;0;4;0;4;0;0;4;4;4;0;0;0;0;0;4;0;0;4;0;0;0;0;0;0;4;0;0;18;12;22;30;24;22;10;24;34;16;10;4;10;18;12;6;16;6;10;10;10;4;12;4;0;6;6;6;12;6;12;6;6;6;10;10;10;4;10;4;4;6;4;6;6;10;12;6;6;0;0;6;4;0;0;4;6;4;4;0;0;4;4;4;6;4;4;4;0;4;0;4;4;4;4;4;0;0;4;10;0;6;6;4;6;4;0;12;4;4;0;0;4;0;4;4;4;4;0;0;0;0;0;0;0;0;10;0;0;4;0;0;0;0;4;0;0;0;4;0;0;0;4;10;0;4;6;0;0;0;4;0;0;0;0;0;4;0;0;0;0;0;0;0;0;0;0;0;0;0;0;0;0;0;0;0;0;0;4;0;4;0;0;0;0;0;0;4;10;2;4;2;10;0;0;0;2;2;0;0;0;0;0;0;2;0;0;0;2;0;2;0;0;0;0;0;0;0;0;0;0;0;0;0;2;0;0;0;0;0;0;0;0;0;0;2;0;0;0;0;0;0;0;0;0;0;0;0;0;0;0;0;0;0;0;0;0;0;0;0;0;0;0;0;0;0;0;0;0;0;0;0;0;0;0;0;0;0;0;0;0;0;0;0;0;0;0;0;0;0;0;0;0;0;0;0;0;0;0;0;0;0;0;0;0;0;0;0;0;0;0;0;0;0;0;0;0;0;0;0;0;0;0;0;0;0;0;0;0;0;0;0;0;0;0;0;0;0;0;0;0;0;0;0;0;0;0;0;0;0;0;0;0;0;0;0;0;0;0;0;0;0;0;0;0;0;0;0;0;0;0;0;0;0;0;0;0;0;0;0;0;0;0;0;0;0;0;0;0;0;0;0;0;0;0;0;0;0;0;1;0;0;1;0;0;0;0;0;0;0;0;0;0;0;0;0;0;0;0;0;0;0;0;0;0;0;0;0;0;0;0;0;0;0;0;0;0;0;0;0;0;0;0;0;0;0;0;0;0;0;0;0;0;0;0;0;0;0;0;0;0;0;0;0;0;0;0;0;0;0;0;0;0;0;0;0;0;0;0;0;0;0;0;0;0;0;0;0;0;0;0;0;0;0;0;0;0;0;0;0;0;0;0;0;0;0;0;0;0;0;0;0;0;0;0;0;0;0;0;0;0;0;0;0;0;0;0;0;0;0;0;0;0;0;0;0;0;0;0;0;0;0;0;0;0;0;0;0;0;0;0;0;0;0;0;0;0;0;0;0;0;0;0;0;0;0;0;0;0;0;0;0;0;0;0;0;0;0;0;0;0;0;0;0;0;0;0;0;0;0;0;0;0;0;0;0;0;0;0;0;0;0;0;0;0;0;0;0;0;0;0;0;0;0;0
Artifact control;3;1;848;696;558;418;366;286;256;244;218;204;210;128;166;180;210;102;140;120;132;124;132;76;60;102;98;60;68;68;64;52;86;64;52;76;38;60;52;46;30;30;60;22;38;46;18;26;56;22;18;12;30;26;22;26;12;18;12;30;12;26;18;22;26;26;26;8;22;22;22;8;22;30;42;26;12;4;30;18;22;8;4;8;4;12;12;18;8;8;22;0;4;4;12;12;12;4;8;18;18;12;8;8;8;8;8;8;8;4;18;8;8;22;8;0;8;8;0;18;4;12;4;4;8;0;4;12;18;4;4;0;12;4;8;8;4;8;0;0;0;0;4;0;8;8;0;0;0;0;4;12;0;0;8;0;8;8;0;4;0;4;4;12;4;4;8;4;12;4;8;0;0;4;0;4;0;0;4;4;4;8;0;4;34;26;26;12;14;14;26;4;12;22;8;14;18;12;14;4;0;8;8;4;12;14;14;4;8;4;14;0;4;0;4;14;12;4;12;8;4;8;4;0;8;4;4;0;4;4;8;4;4;0;4;4;0;0;0;4;0;4;4;12;0;0;0;8;4;0;4;0;0;0;4;4;0;0;4;4;8;0;4;0;0;4;0;4;4;0;0;0;4;4;4;4;8;0;4;4;0;0;4;4;0;0;4;0;0;0;0;0;0;0;0;0;0;0;0;0;0;0;0;0;4;4;0;0;0;4;0;0;0;0;0;0;4;0;0;0;0;0;4;0;0;0;0;0;0;0;4;0;0;0;0;0;0;0;4;0;0;0;0;0;0;0;0;4;0;0;0;10;8;10;4;6;2;2;0;0;2;0;2;4;0;0;4;0;0;0;0;0;0;0;0;0;2;0;0;0;0;0;0;0;0;0;0;0;0;0;0;0;0;0;0;0;0;0;0;0;0;0;0;0;0;0;0;0;0;0;0;2;0;0;0;0;0;0;0;0;0;0;0;0;0;2;0;0;0;0;0;0;0;0;0;0;0;0;0;0;0;0;0;0;0;0;0;0;0;0;0;0;0;0;0;0;0;0;0;0;0;0;0;0;0;0;0;0;0;0;0;0;0;0;0;0;0;0;0;0;0;0;0;0;0;0;0;0;0;0;0;0;0;0;0;0;0;0;0;0;0;0;0;0;0;0;0;0;0;0;0;0;0;0;0;0;0;0;0;0;0;0;0;0;0;0;0;0;0;0;0;0;0;0;0;0;0;0;0;0;0;0;0;0;0;0;0;0;0;0;0;0;0;0;0;0;0;0;0;0;0;0;0;0;0;0;0;0;0;0;0;0;0;0;0;0;0;0;0;0;0;0;0;0;0;0;0;0;0;0;0;0;0;0;0;0;0;0;0;0;0;0;0;0;0;0;0;0;0;0;0;0;0;0;0;0;0;0;0;0;0;0;0;0;0;0;0;0;0;0;0;0;0;0;0;0;0;0;0;0;0;0;0;0;0;0;0;0;0;0;0;0;0;0;0;0;0;0;0;0;0;0;0;0;0;0;0;0;0;0;0;0;0;0;0;0;0;0;0;0;0;0;0;0;0;0;0;0;0;0;0;0;0;0;0;0;0;0;0;0;0;0;0;0;0;0;0;0;0;0;0;0;0;0;0;0;0;0;0;0;0;0;0;0;0;0;0;0;0;0;0;0;0;0;0;0;0;0;0;0;0;0;0;0;0;0;0;0;0;0;0;0;0;0;0;0;0;0;0;0;0;0;0;0;0;0;0;0;0;0;0;0;0;0;0;0;0;0;0
Treament;3;2;774;1004;666;514;438;342;304;134;266;190;184;178;128;88;82;120;140;70;88;70;108;108;58;88;44;38;38;64;58;32;58;64;32;50;20;32;12;6;20;44;12;20;12;26;20;44;20;6;12;38;26;20;12;32;50;12;12;20;6;12;26;20;12;20;20;0;20;0;6;6;6;20;0;0;12;0;20;20;12;6;26;12;0;12;0;6;20;0;20;0;0;26;0;6;12;6;12;0;6;6;0;0;0;6;12;0;0;0;6;12;0;12;0;0;0;0;6;0;12;6;6;0;6;20;6;0;0;6;0;6;20;6;6;0;0;6;6;6;6;12;6;0;12;0;6;6;0;12;0;12;0;0;6;12;6;0;0;0;0;6;0;0;0;0;0;0;0;0;12;0;6;6;0;0;0;0;0;0;6;6;0;6;24;42;28;36;42;22;46;30;16;30;22;18;18;18;18;10;12;18;6;10;18;16;12;12;10;18;16;12;6;4;10;4;18;6;4;10;16;10;4;6;0;0;16;6;4;4;0;4;6;6;0;10;4;4;4;6;4;0;4;4;4;0;0;0;6;4;4;6;4;4;4;0;0;6;4;4;4;4;4;0;6;10;0;10;0;0;4;4;0;4;6;0;10;0;10;0;0;6;0;0;0;4;4;0;4;0;0;0;6;0;0;4;4;0;0;6;6;0;0;0;4;10;6;0;0;0;0;0;6;0;0;0;4;0;0;0;6;0;0;0;0;4;4;0;6;4;0;4;4;4;0;4;4;0;0;0;4;4;0;0;0;0;0;0;0;0;0;6;2;2;4;2;2;2;2;4;0;0;0;0;2;0;0;0;0;2;0;0;0;0;0;0;0;0;0;0;0;0;0;0;0;0;0;0;0;0;0;0;0;0;0;0;0;0;0;0;0;0;0;0;0;0;0;0;0;0;0;0;0;0;0;0;0;0;0;0;0;0;0;0;2;0;0;0;0;0;0;0;0;0;0;0;0;0;0;0;0;0;0;0;0;0;0;0;0;0;0;0;0;0;0;0;0;0;0;0;0;0;0;0;0;0;0;0;0;0;0;0;0;0;0;0;0;0;0;0;0;0;0;0;0;0;0;0;0;0;0;0;0;0;0;0;0;0;0;0;0;0;0;0;0;0;0;0;0;0;0;0;0;0;0;0;0;0;0;0;0;0;0;0;0;0;0;0;0;0;0;0;0;0;0;0;0;0;0;0;0;0;0;0;0;0;0;0;0;0;0;0;0;0;0;0;0;0;0;0;0;0;0;0;0;0;0;0;0;0;0;0;0;0;0;0;0;0;0;0;0;0;0;0;0;0;0;0;0;1;0;0;0;0;0;0;0;0;0;0;0;0;0;0;0;0;0;0;0;0;0;0;0;0;0;0;0;0;0;0;0;0;0;0;0;0;0;0;0;0;0;0;0;0;0;0;0;0;0;0;0;0;0;0;0;0;0;0;0;0;0;0;0;0;0;0;0;0;0;0;0;0;0;0;0;0;0;0;0;0;0;0;0;0;0;0;0;0;0;0;0;0;0;0;0;0;0;0;0;0;0;0;0;0;0;0;0;0;0;0;0;0;0;0;0;0;0;0;0;0;0;0;0;0;0;0;0;0;0;0;0;0;0;0;0;0;0;0;0;0;0;0;0;0;0;0;0;0;0;0;0;0;0;0;0;0;0;0;0;0;0;0;0;0;0;0;0;0;0;0;0;0;0;0;0;0;0;0;0;0;0;0;0;0;0;0;0;0;0
Host control;3;2;654;454;436;302;250;310;236;172;148;148;172;112;134;126;92;60;88;102;98;46;98;56;56;64;64;46;64;42;38;52;32;38;32;14;52;24;32;14;28;32;24;38;42;42;18;28;18;4;18;18;28;14;18;14;18;10;18;14;18;24;18;42;24;10;0;18;4;24;14;18;14;0;0;4;14;10;0;10;24;4;18;0;14;10;4;24;10;14;10;10;0;4;10;4;14;0;0;10;10;4;0;0;14;4;0;4;0;10;4;14;10;0;10;4;4;4;10;4;4;4;10;14;0;10;4;10;10;4;4;4;4;4;0;0;14;4;4;0;4;0;4;14;4;18;4;0;0;4;0;14;0;0;4;0;0;0;4;0;4;0;0;10;4;4;10;0;10;4;4;0;0;0;10;10;0;0;0;0;0;4;4;4;24;22;22;12;24;22;12;16;28;18;22;10;18;10;6;4;12;6;6;12;10;4;4;6;4;4;6;0;4;4;6;0;10;4;4;6;0;6;0;4;12;4;16;4;6;4;4;6;6;4;4;4;4;0;4;6;4;4;0;0;0;0;4;0;0;0;6;0;4;0;10;6;0;0;0;4;0;0;4;0;0;4;4;0;4;0;4;4;0;0;0;0;4;0;0;4;0;0;4;0;4;0;4;0;0;0;0;0;0;0;0;0;0;0;0;0;0;4;4;0;4;0;6;0;0;4;0;0;0;0;0;4;0;0;0;4;0;0;0;0;4;0;0;4;0;0;0;0;4;0;0;0;4;4;0;0;10;0;0;0;4;0;0;0;0;0;0;8;8;6;4;4;0;0;6;0;0;2;0;2;0;0;4;0;0;0;0;0;0;0;0;0;0;0;0;0;2;0;0;0;0;0;0;0;0;0;0;0;0;0;0;0;2;0;0;0;0;0;0;0;0;0;0;0;0;0;0;0;0;0;0;0;0;0;0;0;0;0;0;0;0;0;0;0;0;0;0;0;0;0;0;0;0;0;0;0;0;0;0;0;0;0;0;0;0;0;0;0;0;0;0;0;0;0;0;0;0;0;0;0;0;0;0;0;0;0;0;0;0;0;0;0;0;0;0;0;0;0;0;0;0;0;0;0;0;0;0;0;0;0;0;0;0;0;0;0;0;0;0;0;0;0;0;0;0;0;0;0;0;0;0;0;0;0;0;0;0;0;0;0;0;0;0;0;0;0;0;0;0;0;0;0;0;0;0;0;0;0;0;0;0;0;0;0;0;0;0;0;0;0;0;0;0;0;0;0;0;0;1;0;0;0;0;0;0;0;0;0;0;0;0;0;0;0;0;0;0;0;0;0;0;0;0;0;0;0;0;0;0;0;0;0;0;0;0;0;0;0;0;0;0;0;0;0;0;0;0;0;0;0;0;0;0;0;0;0;0;0;0;0;0;0;0;0;0;0;0;0;0;0;0;0;0;0;0;0;0;0;0;0;0;0;0;0;0;0;0;0;0;0;0;0;0;0;0;0;0;0;0;0;0;0;0;0;0;0;0;0;0;0;0;0;0;0;0;0;0;0;0;0;0;0;0;0;0;0;0;0;0;0;0;0;0;0;0;0;0;0;0;0;0;0;0;0;0;0;0;0;0;0;0;0;0;0;0;0;0;0;0;0;0;0;0;0;0;0;0;0;0;0;0;0;0;0;0;0;0;0;0;0;0;0;0;0;0;0;0;0;0;0;0;0;0;0;0;0;0;0;0;0;0;0;0;0;0;0;0;0;0;0;0;0;0;0;0
Artifact control;3;2;1424;1504;1224;878;686;678;566;578;412;432;420;392;326;352;220;226;226;232;206;186;126;146;134;154;120;166;140;134;126;140;126;106;120;66;80;66;74;80;46;74;66;46;114;54;54;54;40;14;54;60;80;34;14;46;26;20;34;26;54;34;46;26;34;26;34;34;14;26;14;46;14;46;40;26;26;14;14;26;34;6;20;6;6;14;6;6;14;40;0;14;0;6;0;14;6;14;6;14;0;6;20;0;14;6;6;14;14;0;0;0;26;14;6;6;6;14;14;14;6;6;14;14;0;14;6;0;0;6;6;0;0;6;6;6;0;6;0;0;6;6;6;6;14;6;6;0;0;14;6;6;0;0;6;0;0;6;0;14;6;14;0;0;6;0;0;6;6;6;0;14;0;0;0;6;6;6;0;6;0;6;0;6;24;22;40;12;18;16;22;16;24;18;22;18;22;10;18;10;6;24;10;12;12;16;4;6;6;12;24;4;12;10;4;10;12;0;10;4;4;6;0;10;6;10;6;4;4;16;0;6;0;0;4;6;6;4;4;0;6;6;4;4;4;6;4;6;4;4;0;4;0;4;4;0;4;4;6;0;0;0;4;6;0;4;10;0;4;0;0;4;0;0;4;4;0;0;0;10;4;4;0;0;0;4;10;0;6;0;0;4;4;0;0;0;0;4;0;0;0;0;0;0;4;0;0;0;0;6;4;0;0;0;0;0;4;0;6;6;0;0;0;0;0;4;4;0;0;4;0;0;0;0;0;4;4;4;0;0;0;4;4;0;4;4;0;0;4;0;0;8;14;8;4;2;6;2;0;6;0;0;2;0;4;0;2;0;4;0;0;0;0;0;0;0;0;0;0;0;0;0;0;2;0;0;0;0;0;0;0;0;2;0;0;0;0;0;0;0;2;0;0;0;0;0;0;0;0;0;0;0;0;0;0;0;0;0;0;0;0;0;0;0;0;0;0;0;0;2;0;0;0;0;0;0;0;0;0;0;0;0;0;0;0;0;0;0;0;0;0;0;0;0;0;0;0;0;0;0;0;0;0;0;0;0;0;0;0;0;0;0;0;0;0;0;0;0;0;0;0;0;0;0;0;0;0;0;0;0;0;0;0;0;0;0;0;0;0;0;0;0;0;0;0;0;0;0;0;0;0;0;0;0;0;0;0;0;0;0;0;0;0;0;0;0;0;0;0;0;0;0;0;0;0;0;0;0;0;0;0;0;0;0;0;0;0;0;0;0;0;0;0;0;0;0;0;0;0;0;0;0;0;0;0;0;0;0;0;0;0;0;0;0;0;0;0;0;0;0;0;0;0;0;0;0;0;0;0;0;0;0;0;0;0;0;0;0;0;0;0;0;0;0;0;0;0;0;0;0;0;0;0;0;0;0;0;0;0;0;0;0;0;0;0;0;0;0;0;0;0;0;0;0;0;0;0;0;0;0;0;0;0;0;0;0;0;0;0;0;0;0;0;0;0;0;0;0;0;0;0;0;0;0;0;0;0;0;0;0;0;0;0;0;0;0;0;0;0;0;0;0;0;0;0;0;0;0;0;0;0;0;0;0;0;0;0;0;0;0;0;0;0;0;0;0;0;0;0;0;0;0;0;0;0;0;0;0;0;0;0;0;0;0;0;0;0;0;0;0;0;0;0;0;0;0;0;0;0;0;0;0;0;0;0;0;0;0;0;0;0;0;0;0;0;0;0;0;0;0;0;0;0;0;0;0;0;0;0;0;0;0;0;0;0;0;0;0;0
Treament;3;3;870;590;492;414;312;176;200;242;190;186;162;120;84;106;102;84;60;134;80;84;88;66;28;32;60;38;66;38;32;18;32;38;38;32;56;28;42;24;32;32;14;18;24;24;18;14;18;24;14;28;10;18;24;24;18;14;14;4;0;32;32;28;4;4;10;14;18;10;4;14;4;14;18;14;14;14;10;10;0;14;10;10;10;4;4;0;0;10;14;4;0;10;0;10;0;0;10;0;10;4;0;0;14;0;0;4;0;14;0;0;10;4;0;10;4;0;0;4;0;0;4;4;14;4;4;0;18;0;0;4;0;4;4;14;0;0;0;0;0;0;0;0;4;0;0;4;10;0;0;4;4;14;0;0;0;10;0;4;10;0;0;0;4;4;0;10;4;4;0;0;0;0;4;10;4;0;0;0;0;0;10;4;24;50;62;44;38;54;20;38;40;16;14;24;40;28;10;10;6;10;16;6;4;14;4;16;10;14;6;10;14;10;16;4;6;10;4;0;4;14;0;6;10;10;16;10;6;10;6;0;0;4;4;6;6;10;4;6;4;6;0;0;0;6;6;4;4;4;0;4;4;4;14;0;4;0;6;6;0;0;4;4;4;6;6;4;6;4;0;0;0;0;0;10;0;0;0;0;4;0;0;4;4;0;4;0;0;4;0;0;6;0;4;0;0;0;4;4;0;0;0;0;0;0;4;0;0;4;4;0;0;0;0;0;0;0;4;0;0;0;0;0;0;0;0;0;0;0;4;0;0;0;4;4;0;0;0;0;0;0;4;0;4;0;0;0;0;0;0;24;10;4;4;2;2;0;4;2;2;0;6;2;2;2;0;0;2;6;4;2;2;2;0;0;0;0;0;0;0;0;0;0;0;0;0;0;2;0;0;2;0;0;0;0;0;0;0;0;0;0;0;0;0;0;0;0;0;0;2;0;0;0;0;0;0;0;0;0;0;0;0;0;0;0;0;0;0;0;0;0;0;2;0;0;0;0;0;0;0;0;0;0;0;0;0;0;0;0;0;0;0;0;0;0;0;0;0;0;0;0;0;0;0;0;0;0;0;0;0;0;0;0;0;0;0;0;0;0;0;0;0;0;0;0;0;0;0;0;0;0;0;0;0;0;0;0;0;0;0;0;0;0;0;0;0;0;0;0;0;0;0;0;0;0;0;0;0;0;0;0;0;0;0;0;0;0;0;0;0;0;0;0;0;0;0;0;0;0;0;0;0;0;0;0;0;0;0;0;0;0;0;0;0;0;0;0;0;0;0;0;0;0;0;0;0;0;0;0;0;0;0;0;0;0;0;0;0;0;0;0;0;0;0;0;0;0;0;0;0;0;0;0;0;0;0;0;0;0;0;0;0;0;0;0;0;0;0;0;0;0;0;0;0;0;0;0;0;0;0;0;0;0;0;0;0;0;0;0;0;0;0;0;0;0;0;0;0;0;0;0;0;0;0;0;0;0;0;0;0;0;0;0;0;0;0;0;0;0;0;0;0;0;0;0;0;0;0;0;0;0;0;0;0;0;0;0;0;0;0;0;0;0;0;0;0;0;0;0;0;0;0;0;0;0;0;0;0;0;0;0;0;0;0;0;0;0;0;0;0;0;0;0;0;0;0;0;0;0;0;0;0;0;0;0;0;0;0;0;0;0;0;0;0;0;0;0;0;0;0;0;0;0;0;0;0;0;0;0;0;0;0;0;0;0;0;0;0;0;0;0;0;0;0;0;0;0;0;0;0;0;0;0;0;0;0;0;0
Host control;3;3;1018;848;730;670;490;438;360;310;230;298;192;174;134;146;158;134;124;106;124;90;78;112;78;102;90;90;78;56;118;78;44;34;40;34;12;62;44;28;44;6;22;22;84;34;16;40;34;28;40;16;12;40;28;34;28;16;22;28;16;22;22;6;28;16;12;16;16;6;12;12;12;12;12;16;6;40;6;16;6;6;12;22;12;0;12;22;0;16;0;12;16;6;6;6;12;6;0;16;16;6;0;12;12;16;6;6;0;12;12;0;0;0;6;12;0;16;22;0;12;0;12;6;12;6;0;12;6;12;6;16;0;12;12;6;6;12;6;12;12;0;0;6;12;6;0;12;0;6;16;6;0;0;0;0;0;6;0;6;0;0;6;12;0;0;0;0;6;0;6;0;6;12;6;12;12;6;0;6;0;6;0;6;18;24;30;4;24;24;24;16;24;18;22;12;10;10;4;10;24;4;10;16;4;10;12;6;6;16;6;10;16;4;10;6;0;0;12;6;0;4;0;10;6;16;6;6;0;0;4;0;6;6;4;4;0;4;4;4;0;4;4;0;10;6;0;0;4;4;6;0;4;6;6;0;4;0;0;4;0;4;0;4;4;4;4;0;0;4;0;0;0;0;0;0;0;4;0;4;4;0;0;0;0;0;0;0;0;0;4;0;4;0;4;6;0;0;4;0;0;0;0;4;0;0;0;0;0;4;0;0;0;0;0;0;0;0;0;0;0;0;4;0;4;4;0;0;0;0;0;0;0;0;4;0;0;0;0;6;4;4;0;0;0;0;0;0;0;0;0;8;8;4;2;2;6;2;6;0;0;2;2;0;0;2;0;2;0;0;2;0;0;4;0;0;2;2;0;0;0;0;0;0;0;0;0;0;0;0;0;2;0;0;0;0;0;0;0;0;0;0;0;0;0;0;0;0;0;2;0;0;0;2;0;0;0;0;2;0;0;0;0;0;0;0;0;0;0;0;0;0;0;0;0;0;0;0;0;0;0;0;0;0;0;0;0;0;0;0;0;0;0;0;0;0;0;0;0;0;0;0;0;0;0;0;0;0;0;0;0;0;0;0;0;0;0;0;0;0;0;0;0;0;0;0;0;0;0;0;0;0;0;0;0;0;0;0;0;0;0;0;0;0;0;0;0;0;0;0;0;0;0;0;0;0;0;0;0;0;0;0;0;0;0;0;0;0;0;0;0;0;0;0;0;0;0;0;0;0;0;0;0;0;0;0;0;0;0;0;0;0;0;0;0;0;0;0;0;0;0;0;0;0;0;0;1;0;0;0;0;0;0;0;0;0;0;0;0;0;0;0;0;0;0;0;0;0;0;0;0;0;0;0;0;0;0;0;0;0;0;0;0;0;0;0;0;0;0;0;0;0;0;0;0;0;0;0;0;0;0;0;0;0;0;0;0;0;0;0;0;0;0;0;0;0;0;0;0;0;0;0;0;0;0;0;0;0;0;0;0;0;0;0;0;0;0;0;0;0;0;0;0;0;0;0;0;0;0;0;0;0;0;0;0;0;0;0;0;0;0;0;0;0;0;0;0;0;0;0;0;0;0;0;0;0;0;0;0;0;0;0;0;0;0;0;0;0;0;0;0;0;0;0;0;0;0;0;0;0;0;0;0;0;0;0;0;0;0;0;0;0;0;0;0;0;0;0;0;0;0;0;0;0;0;0;0;0;0;0;0;0;0;0;0;0;0;0;0;0;0;0;0;0;0;0;0;0;0;0;0;0;0;0;0;0;0;0;0
Artifact control;3;3;1212;1390;1000;746;542;516;330;424;272;220;238;212;204;136;194;152;170;204;194;170;94;50;84;136;118;60;76;50;60;94;76;76;136;42;60;110;50;76;76;34;16;60;50;50;60;16;8;68;34;42;16;8;26;8;8;42;0;34;8;42;34;34;34;8;34;26;26;8;0;8;26;8;8;26;34;8;16;8;16;8;26;34;26;8;34;8;0;26;8;8;0;16;0;16;0;8;8;16;0;16;16;8;0;0;0;16;0;8;0;26;16;8;8;26;8;0;0;16;16;8;0;8;0;0;8;16;26;0;0;0;0;0;0;0;8;26;0;0;0;8;16;8;8;0;8;8;0;8;0;8;0;8;0;0;0;0;0;0;8;8;8;16;8;8;0;0;16;0;8;0;0;0;0;8;0;16;0;8;8;8;8;0;32;8;34;24;30;20;14;26;14;30;20;6;14;14;12;20;6;8;8;0;14;8;2;2;6;8;14;8;2;6;6;6;8;6;6;8;2;0;2;6;0;6;2;8;8;2;2;0;0;2;6;0;0;6;6;2;0;0;0;0;6;6;0;6;6;2;6;6;0;2;0;2;0;2;2;0;0;0;8;0;0;2;0;0;0;2;2;0;0;0;6;2;2;6;2;0;0;0;2;0;0;0;0;0;0;0;12;0;0;0;0;0;0;0;0;2;2;8;0;0;2;6;2;2;2;0;2;0;0;6;2;2;0;0;0;0;0;0;0;8;0;0;0;2;0;0;0;0;0;0;0;0;2;0;2;0;6;0;0;2;0;0;0;0;0;0;2;2;0;2;0;2;0;0;0;0;0;0;0;0;0;0;0;0;0;0;2;0;0;0;0;0;0;0;0;0;0;0;0;0;0;0;0;0;0;0;0;0;0;0;0;0;0;0;0;0;0;0;0;0;0;0;0;0;0;0;0;0;0;0;0;0;0;0;0;0;0;0;0;0;0;0;0;0;0;0;0;0;0;0;0;0;0;0;0;0;0;0;0;0;0;0;0;0;0;0;0;0;0;0;0;0;0;0;0;0;0;0;0;0;0;0;0;0;0;0;0;0;0;0;0;0;0;0;0;0;0;0;0;0;0;0;0;0;0;0;0;0;0;0;0;0;0;0;0;0;0;0;0;0;0;0;0;0;0;0;0;0;0;0;0;0;0;0;0;0;0;0;0;0;0;0;0;0;0;0;0;0;0;0;0;0;0;0;0;0;0;0;0;0;0;0;0;0;0;0;0;0;0;0;0;0;0;0;0;0;0;0;0;0;0;0;0;0;0;0;0;0;0;0;0;0;0;0;0;0;0;0;0;0;0;0;0;0;0;0;0;0;0;0;0;0;0;0;0;0;0;0;0;0;0;0;0;0;0;0;0;0;0;0;0;0;0;0;0;0;0;0;0;0;0;0;0;0;0;0;0;0;0;0;0;0;0;0;0;0;0;0;0;0;0;0;0;0;0;0;0;0;0;0;0;0;0;0;0;0;0;0;0;0;0;0;0;0;0;0;0;0;0;0;0;0;0;0;0;0;0;0;0;0;0;0;0;0;0;0;0;0;0;0;0;0;0;0;0;0;0;0;0;0;0;0;0;0;0;0;0;0;0;0;0;0;0;0;0;0;0;0;0;0;0;0;0;0;0;0;0;0;0;0;0;0;0;0;0;0;0;0;0;0;0;0;0;0;0;0;0;0;0;0;0;0;0;0;0;0;0;0;0;0;0;0;0;0;0;0;0;0;0;0;0;0;0;0;0
